{"noiseKey":{"private":{"type":"Buffer","data":"+KqrIvz22K53vMtYFZ0CtVD9xGlNSjNVAa9uO0672VQ="},"public":{"type":"Buffer","data":"WnnR4tz4OcRCsp0V9M4zVdB+Gmwbc4AWrgGP0+ph+F8="}},"pairingEphemeralKeyPair":{"private":{"type":"Buffer","data":"MFTNfU5MV8pY5s9aY6klahgB0iPWX5loJ/lBvq3Yg3U="},"public":{"type":"Buffer","data":"NzSvdzSI+vgOGNpShPbAqrsTB5f8Igr19jSlz+JcinQ="}},"signedIdentityKey":{"private":{"type":"Buffer","data":"sIWCCBAEVmEAWF3vSnYKeLHrlLQCzLeWJlEBzJGbj2w="},"public":{"type":"Buffer","data":"AAkqCx099QK83lX4xAq2tna1Ywn1wUb7gW52Z/Qs5WQ="}},"signedPreKey":{"keyPair":{"private":{"type":"Buffer","data":"CH5cYDACXwEZa4io8MTSjfmnRV+3reDvf8FRVXTga0I="},"public":{"type":"Buffer","data":"N0rexnI7tkDS5B9IplZBEYY1uUiDlgvZvYczjVLv3Fg="}},"signature":{"type":"Buffer","data":"L2t1E0/LKgr42R8+05+uzAuL4OkgUr0VmRm7vgVkwajcJfkaNhO0n/uywX1iS/tkvM5t5aVXYVXJjymGLzsphQ=="},"keyId":1},"registrationId":103,"advSecretKey":"0bRbTBWrqaVgBJZzIPaV7Zc6in4hMvOZak4gWBHWdO4=","processedHistoryMessages":[{"key":{"remoteJid":"6281368351787@s.whatsapp.net","fromMe":true,"id":"3C87C2D32B4E5EAF257E96D889058FA6"},"messageTimestamp":1692593335},{"key":{"remoteJid":"6281368351787@s.whatsapp.net","fromMe":true,"id":"C3381B4D013A7DACB5788232D90B09DD"},"messageTimestamp":1692593336},{"key":{"remoteJid":"6281368351787@s.whatsapp.net","fromMe":true,"id":"0B498EAE3CE6E2ABC29142DC437F6395"},"messageTimestamp":1692593365}],"nextPreKeyId":1115,"firstUnuploadedPreKeyId":1115,"accountSyncCounter":1,"accountSettings":{"unarchiveChats":false},"deviceId":"UwAUCGUlSsOUeKgPttp7ww","phoneId":"7e293c28-1bf7-45ca-9c83-ea1117b72978","identityId":{"type":"Buffer","data":"H0tqVzjsJ2AoZdRrDnSjyxtbgeA="},"registered":true,"backupToken":{"type":"Buffer","data":"JOyI57jlC/sqz3K/wZ9ItjqO0YU="},"registration":{},"pairingCode":"6Y5M7WEA","me":{"id":"6281368351787:15@s.whatsapp.net","name":"Hide Name","jid":"6281368351787@s.whatsapp.net"},"account":{"details":"CJ/ipJMEEKzZi6cGGAI=","accountSignatureKey":"SBLY+HcERz6KPjNy7tWC50EEFk867X9mr1cUs6001Fw=","accountSignature":"sq3hFgEE4VeeRkQdzPDCsFmgw9Fec2pyLkY1B+leJC9LtzJIpn6SPKhtsCGwKbJopRMepWX2YhuaLLnJaoHhBg==","deviceSignature":"0Ye+pgHkgLXNFr/DAQRRMzs3t9KpkpFm3g5VbLsuh4N5Ye3YFTcNlAabOmOV5yZkIAya1pINm7SxVDDoV1oThQ=="},"signalIdentities":[{"identifier":{"name":"6281368351787:15@s.whatsapp.net","deviceId":0},"identifierKey":{"type":"Buffer","data":"BUgS2Ph3BEc+ij4zcu7VgudBBBZPOu1/Zq9XFLOtNNRc"}}],"platform":"smba","lastAccountSyncTimestamp":1693798994,"myAppStateKeyId":"AAAAACTH"}