[{"senderKeyId":887712193,"senderChainKey":{"iteration":239,"seed":"cwZLtCrvZTVQdFMySNCuDm91jLtmzrAMngSgHkzCVfk="},"senderSigningKey":{"public":"BdfGDSy0JdvLSU+SGw4qJjMaV9Cfk4ip5+wLHVVQzVIp"},"senderMessageKeys":[{"iteration":197,"seed":"NL/zRVFkNcH+Gqej4BFbHxBG2FmWIM4hry0o4/TNCuI="},{"iteration":198,"seed":"HcVOVbeUVLgCzh/9ZNcu14QpV1c1mY1RlRLx9wz1uiM="},{"iteration":199,"seed":"AXE5BOwi11wNHeMuRJgiXHsVMA+si5kpvKmeq32MCyE="},{"iteration":200,"seed":"Z87CgKFWYb9CnHzsgTAXi7NGeRupz0QiTSKTBNsRyC8="},{"iteration":201,"seed":"c8GyI7Rmcd6K+f27qThCF2mJow4QV9iTOxm/rg8JR2g="},{"iteration":202,"seed":"YiHHuREcmi9ihTuXFhI4uG8GvcV0uCpegZ1knrXfn5U="},{"iteration":203,"seed":"ydwIxKhwwNfOCtrJNQ/rDu8LvkLzR+08Y0lfqX6/z9g="},{"iteration":204,"seed":"Aee+MO1xz2DgXjxQKvzZtHTsYKMNl14XTM3hQsVtQMA="},{"iteration":205,"seed":"UYzqGINPzde8ZlbTcKbFPnbSGQd49P+E/qLiMt/GxjA="},{},{},{},{},{},{},{},{},{},{},{},{},{},{},{},{}]},{"senderKeyId":887712193,"senderChainKey":{"iteration":199,"seed":"iAwIqVaF9C3AU+aWrUrIyaHuCOHMwe7oNtl35daKjjo="},"senderSigningKey":{"public":"BdfGDSy0JdvLSU+SGw4qJjMaV9Cfk4ip5+wLHVVQzVIp"},"senderMessageKeys":[]},{"senderKeyId":887712193,"senderChainKey":{"iteration":201,"seed":"yiM4zMFmORpFnJwOAIEd7tO7LPDnlOVz63vYWlpmnnk="},"senderSigningKey":{"public":"BdfGDSy0JdvLSU+SGw4qJjMaV9Cfk4ip5+wLHVVQzVIp"},"senderMessageKeys":[]},{"senderKeyId":887712193,"senderChainKey":{"iteration":203,"seed":"+BJ8T1ofkKdgn0tVRDXdIXi8032dvyzON8M+k4ZUEQY="},"senderSigningKey":{"public":"BdfGDSy0JdvLSU+SGw4qJjMaV9Cfk4ip5+wLHVVQzVIp"},"senderMessageKeys":[]},{"senderKeyId":887712193,"senderChainKey":{"iteration":205,"seed":"ID0i3/YoHQWxxM1OV90IEqsPj1VHz2WLxS29wBdhwZY="},"senderSigningKey":{"public":"BdfGDSy0JdvLSU+SGw4qJjMaV9Cfk4ip5+wLHVVQzVIp"},"senderMessageKeys":[]}]