[{"senderKeyId":815358625,"senderChainKey":{"iteration":15,"seed":"uA60cNzl9aFOvBQfFZ3Cpewwvns7IvKk7gvHNyPph5Q="},"senderSigningKey":{"public":"BX2JPWFzUu8i/eOCJcxVEB48KpdxvVAqReec4o7utogq"},"senderMessageKeys":[{"iteration":5,"seed":"vwnFJHdnGO9ylQZP2KPe6HWZ11OdQgs/n2in1WtalQs="},{"iteration":7,"seed":"caNdyXa/rxdoHUHZNLKdxFo8k97nfe712/gYlK9XcEg="},{"iteration":9,"seed":"5suaHjlaoNiN4voXsjq8bj7yPkS3WCgLZEJnEfz3W/U="},{"iteration":11,"seed":"IyUVcep7qAtwzEc279xoG1vSACYQC8tOeuhGyxUB5zk="},{"iteration":13,"seed":"THy7fi6UeGx1ZTrFhS22eGJdTuUdpKA3YNfuYW7Sex4="}]}]