[{"senderKeyId":726606815,"senderChainKey":{"iteration":261,"seed":"5qdac8Qd7fpNa5/g4l8A4H0u6jodRu9Q/ALUhgn87ZQ="},"senderSigningKey":{"public":"BXSf5RkYqYPTVnRi2G4fCrX+pm6AELDuoNYoHexf144z"},"senderMessageKeys":[{"iteration":1,"seed":"VPrSgTL3ssCr5vtQYW/VjtGQskJcnFHfK0xEAKNYL3Q="},{"iteration":3,"seed":"zFK1ckLtiP8MwCke5NJiqEBtQxexyziRy4gDGzOgr8E="},{"iteration":5,"seed":"nneXPhpRrj4zM/Jng36rbLdvbhMF3l+wbevK0MWhe4w="},{"iteration":7,"seed":"t4pEOs7ERCfl5763521iHbWm1p/00NwyiIZZzoERG24="},{"iteration":9,"seed":"oqgZ7KsNTXd8988Bakn2LFGFCdMYU8V7zOmWaDEvZFs="},{"iteration":11,"seed":"CLP/cuPdmvIs1RodCeZ7CjW5IgR7cNdJNDPwpfC0lrk="},{"iteration":13,"seed":"R+chb403/X7cP9/aJFVm/Fp8OuwcOgLg03UXo6dL27s="},{"iteration":15,"seed":"oYXTQG3krDBHCWFe10iIXOLczqFLJ1bHHr3ZOWFO3fc="},{"iteration":17,"seed":"30tdSiSjeGKq91hWu2JB1FuU/JDP4vw/54Z3zOmNspI="},{"iteration":19,"seed":"jF+QCLWyIxUq8dW+eHXXMYSJypdlkSwti0nqlOT62nQ="},{"iteration":21,"seed":"04qPwXfY1CAjhdJ5j9MLsFG1tec7IlS3z/Ucur2gu44="},{"iteration":23,"seed":"KqNfH0sEv202CaSmnBHKHPaApRw/5gAV6VpU51iQWlI="},{"iteration":25,"seed":"VLdcXd95mCSwl+2KrHLVmsx1h65u+JqK4Vme0JJDD3A="},{"iteration":27,"seed":"fAEBVjBO9VnUQHkRMBkrhMJ4X5Jo/njcAap7EEMr0+4="},{"iteration":29,"seed":"HkcRZYlSfg5HEt4mE6WkGdkt32NpSAC3eCIGbExWO2Y="},{"iteration":31,"seed":"/qzqh2I7+HavfT1ZqjzFWe1HquacKnKlUs4EwQk3/tQ="},{"iteration":33,"seed":"AllUrqk6kwtL7mzq4eHQDgjEGHPN+XzbdJlFgkOWv84="},{"iteration":35,"seed":"7eYSvw3qHV+7ma+1+glU50dYtKdFo1PO25VHAI4Yp1Q="},{"iteration":37,"seed":"ljLeI8TuHMz83bVjwGmJ+gTESS+JKHuuYd/Ax4L0rZQ="},{"iteration":39,"seed":"trVtKH9p6r+6rcHUBVZyFI1SPfnHxJgdmYSp4nGnLLQ="},{"iteration":41,"seed":"chgJOHG4ECHfBqb/IjrZG39/8jUZMnw/kZ3pb0JbbDQ="},{"iteration":43,"seed":"71dnZFsaZelhuQOhh2rOomTk6+FJfVH1wb9ahi/t/Q4="},{"iteration":45,"seed":"YWFmeO1dJ5a9e7but5+Js7FjaCoeMZ9xwJLYSlirihg="},{"iteration":47,"seed":"IALx1nof5e7N6pu8wCsW1cByl+maoDX+Br1z0AQibZo="},{"iteration":49,"seed":"le06HIAfu8UPXAE4GHmbNGfFAionP9pOetkzEhLw3RQ="},{"iteration":51,"seed":"6+sHweVY6gZUGS+qOMGNsQ3oAzuLRDuGeI5xP+n6CLI="},{"iteration":53,"seed":"8h6cEBk7JgQZGJGTaICfA95HLkNt+Mdqy2Tu0vD9/iI="},{"iteration":55,"seed":"zmpXJgFt0UC2FQrltTLKjVzN8isBeocjWQABMknfnKQ="},{"iteration":57,"seed":"chFIsxqbRcheRFTgChnUOs0zEEicABjQHLzjTZZL5RU="},{"iteration":59,"seed":"9zfUFqf/9Iotps9oaZBm50FeAHIRRZdueGPmpxI9EB4="},{"iteration":61,"seed":"N+cDJFlWZEAhlbp1ePKNbIgT5C4lCGLuwLrfQw0p3u4="},{"iteration":63,"seed":"uTDRabMm2OLQeY6sTOGfoC/dQCg4ieja452sGwVAs1s="},{"iteration":65,"seed":"a0o+fmH8eT5h2PtIslRxjCA/9JY8IDGXezrwwukewhY="},{"iteration":67,"seed":"URhrA8/Eex2ZegCnFbeforqGKb3mmKlQhLiofjK9i9U="},{"iteration":69,"seed":"8IfO6ywc6pkOhJcFO5gyTo8i6PelcmmXR5Xe885xfnY="},{"iteration":71,"seed":"nHrj6NbSOnG9SyXqzVw2/n8mLFAFlsYOKrRkEcLvlQ8="},{"iteration":73,"seed":"+ve4B+hQFwdPvjHs4lju1MOIMGOaI2ymUXrW5pGE+Jg="},{"iteration":75,"seed":"Min8rOVPzogEx3CRkBNdkfpt2S81gwR3OdQJhx8m9cw="},{"iteration":77,"seed":"UjQRePkJuuWAr45D02NP4otnP9C4RWERoGLlofpcNMA="},{"iteration":79,"seed":"1g558HknqAqWZztlhIFlodLnZ3+1lfuGktC62wO2qb8="},{"iteration":81,"seed":"RopW0U4/gbUhDnW7EyXqT3XzQDpd39lUVodqzoHhBJ8="},{"iteration":83,"seed":"/hc5XA32WtKUcpf8NPUlVJpLXz3Swf1naX0jNwlg2KU="},{"iteration":85,"seed":"EzIcb6I/1/YeXOypZrrpUqnpfE8Tzhf7vASPfeucRTo="},{"iteration":87,"seed":"5MBC1DftBxlgIuJeQkN6O11O8zVok47rLdYFkSEkpdw="},{"iteration":89,"seed":"Lw8Zup76dp6xeMOlxK5tZb+zgfO8/P+cBlqEfjufId8="},{"iteration":91,"seed":"gnBaKBpJNKHDcJz/kYnwjCRH1UqbSid7iAJmqZhCurE="},{"iteration":93,"seed":"VhUcae0IazoeHnLcOFV/iRwAl3woUjTpWTYnQmIB7qw="},{"iteration":95,"seed":"lJ2lN/lLkLs6lSrT5w234K+1TTukCZTR4dgK/iWDLhc="},{"iteration":97,"seed":"99EKWhb+c4+4QZwWB/3NxuiZCqlToPPq104ffjiJIVc="},{"iteration":99,"seed":"wx27F2RGva/25NzE0atOPvS2pS2YFJSe2M1q/+GvylQ="},{"iteration":101,"seed":"NpaMvTMr0tYEIHs7r25bW6xK/c/yb8ByPKCZDT/5mmY="},{"iteration":103,"seed":"k469IO533ojB88AntomO1PX3xVJ5b4gHvRL9adXvJfE="},{"iteration":105,"seed":"ySPc1E2FTlEw1MHN5IeOPZ+raf66eeGuizrg1XBRP40="},{"iteration":107,"seed":"IcVAc8d+U9rTo14Y9XGtxz9wnhZK2EpyQjkRXf9nLF4="},{"iteration":109,"seed":"vi/E+nbNyrzZqBbcrZQoxvIV3hdpO384Vd3yyHsoxsY="},{"iteration":111,"seed":"WKmF8eOV5KQw04vxIbz66kEV3llqz3XIRf5LkTBisIk="},{"iteration":113,"seed":"WOT9HOJGS9Hz+bwaBwv3pTdN4QU7v3R/PO8krMPKoz8="},{"iteration":115,"seed":"lyaCUfSyOdTxa7ZjevujmPf5aE/SudkQacfjg3ALnZU="},{"iteration":117,"seed":"uaeo0E1K5a2cjI2u3cSgIyT4RX0SLQLZoZKtTHQoSOk="},{"iteration":119,"seed":"mhTVNf4RXpEHnZTdSOIIy4EwQ9AFz89jY3uAII/ZxQY="},{"iteration":121,"seed":"Xn+YfZzV3eEQ1KX4QRwb+ftrRBORec8Ka+HYlU00NbA="},{"iteration":123,"seed":"1Fz63/KzvnDzT8Sj6DSllWW8hHBEs2Zc29U0KdX5yLg="},{"iteration":125,"seed":"vjVYZVbVMLaOrSkfdvKr8Xv0y7YihL94Jm/A85cAyK8="},{"iteration":127,"seed":"DLiH35MfgjfJpsRZBClHNrpeCwShyOVEfZYK5fU4//k="},{"iteration":129,"seed":"0wtSjiODQobxUJ2g85YhJPh3ymKcZlMBabidRQ7DIyc="},{"iteration":131,"seed":"TPgbwd+c9F7pZlCH8p3o6R00iW4Bstu1Jwh6YYCgrV0="},{"iteration":133,"seed":"jgG7mxvGer1LZyMUzlmxqQgkljKsaXi3+6XypDxPhAg="},{"iteration":135,"seed":"L9kW5J2ZbiUqVfx9vTyxwwFA77KeJL9PmBYzq/8BuKQ="},{"iteration":137,"seed":"QAQoUp3xxgI4BOmr5zveDXQwfCCqF270p8XcWTd22PE="},{"iteration":139,"seed":"/VZuRNoQE+WthIwcmQIb+O1uJGiT1vB5a7YgBaWPvpA="},{"iteration":141,"seed":"RVpJESoRULv6ZsBfHH7Vad5O2+hjyMJSyUQwepWUKg8="},{"iteration":143,"seed":"qYnyB6D8/o0a7ZdC4NEfbHTcG6r6+5lH7iM84QP9zN4="},{"iteration":145,"seed":"zRS6qu+z81QRbR2fRc0C0ZCgmuIbi4rFdU+EBeQdMRQ="},{"iteration":147,"seed":"46xDMPUmasFNZZ7EY2cyh0Vk2XO2FltLB+KLBT4mdoI="},{"iteration":149,"seed":"67q1YRYbfq45DO4XLeOyuLdtenLpMMdChsCXIHFs0Js="},{"iteration":151,"seed":"v9Z4cT9eGvJwDHAF8mSsAvIn3DaezG5u8eAjTBfftpI="},{"iteration":153,"seed":"50Q80p4+6t3jgnyLTr50GKdI25RlPZn2mN/WFERj4X8="},{"iteration":155,"seed":"JY5cjr97hCO5ZEE7REAGXAo5AnhRtwGO39PRlZ4NLDo="},{"iteration":157,"seed":"X8GvQaLNcgY/AIWnixGZSlCdinASIkDBmEYj9UHZHEs="},{"iteration":159,"seed":"pxjsonkUqazzsPLSIzEdHsDhYR4iORaWHZvS4Sziqbk="},{"iteration":161,"seed":"ZCEwEQq6C1XXNXN/YRws+Ab90HGFTmxfA+ci5OfWN/Q="},{"iteration":163,"seed":"SHijpeLdGfuOHiRV5bZPqLmv8McWQA1QUkHqAGHJcUw="},{"iteration":165,"seed":"GPoTbFRTIwGUqNkB6xPzQNmob3bopvFl+FgWgpPsPps="},{"iteration":167,"seed":"Cd/LquHSOPtS04QZ+qwc7ON9HhsPHdUg/gcKdkXB14U="},{"iteration":169,"seed":"DlkNbAznTyPG+93rCFy9GycjN33+ONk1sJdILCwz1rM="},{"iteration":171,"seed":"ltpye4W/fCKQnuCSJ3hbohLK2vtZOVfkcnodtm7DC/s="},{"iteration":173,"seed":"IFZurOiTuwYCFUGRY1PopEthPeKloIJhj8epVBUcHzY="},{"iteration":175,"seed":"6UCFHMegx8XjUMu8yuH7EwdudFW6Nwk64Nd8bYVuGNI="},{"iteration":177,"seed":"6JiGcSol5sn80xEss3ENT8wGgKfDv4xR/vHdfGP2XJ4="},{"iteration":179,"seed":"UQihimQykTgkQpVwHjKUDi6DQb6DIqDO5gpe3292Vlk="},{"iteration":181,"seed":"19H2o8QLaKpl6kE5QvcETZnhvr83cVLTDDlh1SpH/q4="},{"iteration":183,"seed":"n4vDXVUT/b9imkBNYPyX1KILTWuuISjlhbwbZ9VYck8="},{"iteration":185,"seed":"ka8I8Xr4TJjoKLqGZUmybTcRrEHmK6phoZ7/2HqF7Nc="},{"iteration":187,"seed":"eY68sPL8Psfv+UnnuHZ+sZAPlukiTepVTF4q71ISlQ0="},{"iteration":189,"seed":"4Med2EoktO3r/fjqqP/UQpYaq7in5+8Rtzs4UKKP4VE="},{"iteration":191,"seed":"kEZ6gjU/uZ42LBtAIZTalqmBebDrSgdLAxbO0R8hDl0="},{"iteration":193,"seed":"yRBRlqFCyTEiDd3XTx56RFuiXXj/l+79APITB5+1BMo="},{"iteration":195,"seed":"wchMeqnkIXpg2bdLYBJMvZ97zPm1H3yI7vJI0O9SraU="},{"iteration":197,"seed":"eMhx28vcFWEIw9mq6sjJ7pUWAvN+5pLUfVm/w0yOiDk="},{"iteration":199,"seed":"qFRoMosCsIfM8oCGtiFnWPMadu3iTbAwsOq3ncDhCak="},{"iteration":201,"seed":"YyNfumGha9yy0+QUf2MrZZMr8exWQsZTrvORY2uPxOE="},{"iteration":203,"seed":"nVbs+V/TE5P4acj5KHtamuYEfi0T7TmJXE5SdHe61/s="},{"iteration":205,"seed":"paQkv1rhJVxKDd7pxUWldSvfEvoMlwUR01pnDxYUqxc="},{"iteration":207,"seed":"wdEeUoYuB8TPlzmrBDVbWeskglBTxBBnh2oatdMwrbU="},{"iteration":209,"seed":"Zf5qh3OCFJT25MT8AkhI1vbDu3OGv3dRrcZjOVNlj/Y="},{"iteration":211,"seed":"TfU8JbuGlGBxMb7A+n2M0j9y6h01ZYOpdzOpsxRTzZs="},{"iteration":213,"seed":"b9NUDWZKwi8jBjqKxBlAkrR067lfjG9x2n1RHBniWY4="},{"iteration":215,"seed":"T+PeLdOOFyRsOi1rQH2yf7xJPD9ODHh5jiEeUStuPys="},{"iteration":217,"seed":"9Hy7aI5MBRwFkDiqmCzDe0t2ECdlxRkOfTlljbMSoZE="},{"iteration":219,"seed":"LLoY++gJw8+sCVGL8MjUfWjWZt0b3Vbn+DW7uBzEDvY="},{"iteration":221,"seed":"WvyHHX0Q7mVLAINE6Q38P32aVWJMfLTOkeKSKVAlX20="},{"iteration":223,"seed":"0atvuEVwuKKppxxAqiaeX0qKivHKowvdglYis4L2mAo="},{"iteration":225,"seed":"beCzOs7+Yd/GRzYRizZZWBKDmby1EZv8Df3q5byq5nw="},{"iteration":227,"seed":"ZlTfW7J00zdKTZCBAnq0A4OFQfIgG1ljGNEeXZKmXTA="},{"iteration":229,"seed":"fccXnBqF4Ws+ONfI143XtrBsWzt/u2DNdwldFIr7BQ4="},{"iteration":231,"seed":"fMrnlSCiqqN1XsEmK6jkb2JH08KNUQFSAH9/3O7IAoQ="},{"iteration":233,"seed":"zMu9EZImGATORgPd1JRG+trVbGeQQ3cZAI5UUp6Xwkk="},{"iteration":235,"seed":"KAMkJ7VwVSzmAD1jVgC1QRL52S/COckxJLRw/kBEk6w="},{"iteration":237,"seed":"RtNjv92b+Eggn8a7NI4mpeZuLKv38kL5ua+NUuqGWaY="},{"iteration":239,"seed":"l2kv6gmWRCiQeVWCO1ZKIZHru3/9ucAQBA/fDtxy9NU="},{"iteration":241,"seed":"ntAlt1hiIkCITN5zdPlOwSVrYhjSAij7GLVRluGq3tk="},{"iteration":243,"seed":"OwnFLe1nUNy5A6ZGTxjtv6uhnHnd+4JMFzRUXdqcl54="},{"iteration":245,"seed":"pZyjxNC8Yxs8sqTVmdYqPar8oVnSFHHqDKEQzLXnLEw="},{"iteration":247,"seed":"o0hD1vkma/UDsAZx0ciJp9w6p967WLHr2NRbDJ4rQ88="},{"iteration":249,"seed":"+/MhNCwYb5xSxoGKrpZyeR+XmMcDqDBn0iRiVyEdZrY="},{"iteration":251,"seed":"blekjkhccSGUwNVko1nJo3qg9qHvetbKuntUIr4mSvU="},{"iteration":253,"seed":"gD2kYMu9cKpuUvAieYK9Lp/1PFOH+c0ee+pEEPsXUNc="},{"iteration":255,"seed":"J4JJ7ZjdX831b4XgbBtd/h9cpq/Y0eqmlA1wYfptwbc="},{"iteration":257,"seed":"E4p9qrj2se8/pcO6wwTLp/uFja5YAO6FEA44IJ8McK8="},{"iteration":259,"seed":"pngyh92BYwfOnkX5atWyFr+u3Zd6BgJETI+MN93yknw="}]}]