{"_sessions":{"BbvulmYJ3Wc/Dc2nTvn5zMC8sG5QxyaZvijeCAeEevUU":{"registrationId":997219679,"currentRatchet":{"ephemeralKeyPair":{"pubKey":"BbQdCqBaIPdDWz1B12uMNiwINR2HailgAdsuG2aLupMX","privKey":"GIuufnj+AkhnylN/oLx+9vm79PD1HjgluFNTQ8KxH1s="},"lastRemoteEphemeralKey":"BTCeGhkmJYBKMYM3hWbGHzcjYvKvk+usQp74plSJCKAp","previousCounter":0,"rootKey":"6s0W6xavpwVNhQxFjSBOjmEeRvEZ+cXtAFna8/XUT7U="},"indexInfo":{"baseKey":"BbvulmYJ3Wc/Dc2nTvn5zMC8sG5QxyaZvijeCAeEevUU","baseKeyType":2,"closed":-1,"used":1693919934322,"created":1693919934322,"remoteIdentityKey":"BbK1HdSXnEkQhsbUqDVGh8/24AH39haomuu6hZWxMEFQ"},"_chains":{"BTCeGhkmJYBKMYM3hWbGHzcjYvKvk+usQp74plSJCKAp":{"chainKey":{"counter":0,"key":"zPWcsQKxVN4l5878otWq2tAI/Tood7bDUp+amu2jabw="},"chainType":2,"messageKeys":{}},"BbQdCqBaIPdDWz1B12uMNiwINR2HailgAdsuG2aLupMX":{"chainKey":{"counter":-1,"key":"t2TMLJaz1XkUvgWHjUgGAis4vVQfTc+BnEMy0vvKjU0="},"chainType":1,"messageKeys":{}}}}},"version":"v1"}