{"_sessions":{"BYHwdSYZDhx9ltQpFZE/4Kch/Hff2XtLF6Ivgq+I5KcK":{"registrationId":38,"currentRatchet":{"ephemeralKeyPair":{"pubKey":"Bf4RF9GRw1sqg2pDrtAns3RREDHhXpVePFxiTmtQsBBh","privKey":"mDFHTVO/sHOADv8uIFarn/PPTRiYJKyvPfqbqsS07m8="},"lastRemoteEphemeralKey":"Bfds70ACjFZ7+4vAcLj5bvO2yP9g5DCxrjmImqAn134v","previousCounter":0,"rootKey":"eSYGeeoM6Yzwt1TKB0mfwzI0aizy9s0PlVjKT6UN3Ec="},"indexInfo":{"baseKey":"BYHwdSYZDhx9ltQpFZE/4Kch/Hff2XtLF6Ivgq+I5KcK","baseKeyType":2,"closed":-1,"used":1693917846472,"created":1693917846472,"remoteIdentityKey":"BVUiH50p4j5REdUa5DTg52lYSTStC0RBNMuuTTYDGf0J"},"_chains":{"Bfds70ACjFZ7+4vAcLj5bvO2yP9g5DCxrjmImqAn134v":{"chainKey":{"counter":0,"key":"aE/TFRgCEtU/L+4E907OBI0Ldjvc5Bdb8/E8Z3ROUTc="},"chainType":2,"messageKeys":{}},"Bf4RF9GRw1sqg2pDrtAns3RREDHhXpVePFxiTmtQsBBh":{"chainKey":{"counter":-1,"key":"A5CYmjQjPtgaPua29SlLkFsEw5LVjYW5saZGm0jepdQ="},"chainType":1,"messageKeys":{}}}}},"version":"v1"}