{"_sessions":{"BY7nzI7gWpNyCwv4hUE/FwjncVezRHRbik5A6BtWgxRK":{"registrationId":68,"currentRatchet":{"ephemeralKeyPair":{"pubKey":"Bd+HLrDESeu1dT1bR+N1XiwSCF/VcpT+m8u+8mwzWCEX","privKey":"QPKkTPm5McqQytiqA9TvGUrdU5m7/YbmZw7Q1ZTZsEM="},"lastRemoteEphemeralKey":"BbDYVuFsw5eDJyxwE2Gr1X08l8NPOGDGZTXVERBUfKtw","previousCounter":0,"rootKey":"ksdBj+Kakpy2Z3rszL3QOUrIK9/I2IE5puAtKghDAeY="},"indexInfo":{"baseKey":"BY7nzI7gWpNyCwv4hUE/FwjncVezRHRbik5A6BtWgxRK","baseKeyType":2,"closed":-1,"used":1693919852794,"created":1693919852794,"remoteIdentityKey":"BadKoZyjvXFwYLuu+NgVGfXzmwBdLH0UgwNxaC2CDMcg"},"_chains":{"BbDYVuFsw5eDJyxwE2Gr1X08l8NPOGDGZTXVERBUfKtw":{"chainKey":{"counter":3,"key":"5kCxc4T4FUcbNlE2AoQ1aYGdcndc6b2zGZpqNq/Lgpg="},"chainType":2,"messageKeys":{"0":"8ch2jJw+ywws8RMKENJ4TE8Aw/UaZF4tkDTYDi5AyZM=","1":"CxFKubattPz5evcdCPzFEJV+x0OS9SqzS4Lvo+0nKSA="}},"Bd+HLrDESeu1dT1bR+N1XiwSCF/VcpT+m8u+8mwzWCEX":{"chainKey":{"counter":-1,"key":"Ls7uPG9YnWfRhY8hAfLXuaRVWqj8YICqo2lJhuxma/o="},"chainType":1,"messageKeys":{}}}}},"version":"v1"}