{"_sessions":{"BZMhH1AicW8A4A1fRiNNOaicKmmGE28a4cs+ZHiCHv8P":{"registrationId":1873888593,"currentRatchet":{"ephemeralKeyPair":{"pubKey":"BVOzW49eFjE7QvSn9sMjdBxf7V64BSdaiLgwFXiNMSJB","privKey":"2GXA/4BQqWVcXVjlp7RBJPXQZGEPKVWUjRN3RvlKsXU="},"lastRemoteEphemeralKey":"BZ4A7y1yH2FMid069lpHXFx/pRT5vyXaS1XeYUF1doBz","previousCounter":0,"rootKey":"/tf5HcEQkLgjXnH7UJ5AYSb/eT/ntkFJ7KZnG7iyuv0="},"indexInfo":{"baseKey":"BZMhH1AicW8A4A1fRiNNOaicKmmGE28a4cs+ZHiCHv8P","baseKeyType":2,"closed":-1,"used":1693919753268,"created":1693919753268,"remoteIdentityKey":"BeuYmOcKq6uClhcVMd0+OeGHbpkGeaZ7x5MYgQqgXNlv"},"_chains":{"BZ4A7y1yH2FMid069lpHXFx/pRT5vyXaS1XeYUF1doBz":{"chainKey":{"counter":0,"key":"9UHbsUCjT/OrB9f63zpA44VWvgq4eklQ9l4pVAHaE/Y="},"chainType":2,"messageKeys":{}},"BVOzW49eFjE7QvSn9sMjdBxf7V64BSdaiLgwFXiNMSJB":{"chainKey":{"counter":-1,"key":"5U59KTo3LswTa3DxxKR/1yDu+4OsGAawNUFFL7VkxC8="},"chainType":1,"messageKeys":{}}}}},"version":"v1"}