{"_sessions":{"BTS3dq1QEBexdIYsHTg/Tn2/YjIkQigJAa82YlynOs5J":{"registrationId":904984022,"currentRatchet":{"ephemeralKeyPair":{"pubKey":"BQXMAKYU9ZIeM2UpZ3hCjUERMF/1pZci/nG2p0eMvSR9","privKey":"OEDuaKHLFPnVZFbc+GKKZ7pByA1dg6WC8QHG1TKOZWI="},"lastRemoteEphemeralKey":"BfS2GlrqW7jizHeSEZqqO2oviUeA7QtkxL9HAtMBP4Jt","previousCounter":0,"rootKey":"r7fB1dqZd5xUU7VLvevTgdXZku70LzD1FP8YZ8SR6Ys="},"indexInfo":{"baseKey":"BTS3dq1QEBexdIYsHTg/Tn2/YjIkQigJAa82YlynOs5J","baseKeyType":2,"closed":-1,"used":1693917810047,"created":1693917810047,"remoteIdentityKey":"BQ8jq6SHNnZ8+Fi9dZ4VybFc6Ay57P/qHbyqpvkOuKAg"},"_chains":{"BfS2GlrqW7jizHeSEZqqO2oviUeA7QtkxL9HAtMBP4Jt":{"chainKey":{"counter":2,"key":"HyTHrf5Hh5nAqCJDPZba+rN/liJfRxKBGMoOqfZ5VAY="},"chainType":2,"messageKeys":{"0":"cUmamgzRWsqFHmHRlX5E+FUh2uduqDXfbYykiKcQcB8=","1":"IJPeH1S5jc/3trjTnBUalkus9HEAxno7ntaXcvxtSQg="}},"BQXMAKYU9ZIeM2UpZ3hCjUERMF/1pZci/nG2p0eMvSR9":{"chainKey":{"counter":-1,"key":"fHXhXytRfSnFeG8PSO4/J2cqov6GbQu/L5mu9crP7Y8="},"chainType":1,"messageKeys":{}}}}},"version":"v1"}