{"_sessions":{"BUIzQhepp5I+dMcRouPFoKetCmlx2osV7fWuA1II0RNk":{"registrationId":38683051,"currentRatchet":{"ephemeralKeyPair":{"pubKey":"BbvIcuS7WBsEBdEROS5pEk3yeC3hhSHp3TP5bW3MiS5U","privKey":"0P90gmmKz8TQeFSSh1AC6r0j4NMdnTn4d3Fu0i+0oWg="},"lastRemoteEphemeralKey":"BbSQ4cKeC3nO5qdeUb9MJTEOizDjuKsJGwc84e6UIot7","previousCounter":0,"rootKey":"9NoeINmbNj26V60TIttFsx9yWMfiTVM8L+65iu/3Ffo="},"indexInfo":{"baseKey":"BUIzQhepp5I+dMcRouPFoKetCmlx2osV7fWuA1II0RNk","baseKeyType":2,"closed":-1,"used":1693918076531,"created":1693918076531,"remoteIdentityKey":"BXMXpDAyM4d6kI4e77gGtTN4E05KGPDPSzabn2LAcvcO"},"_chains":{"BbSQ4cKeC3nO5qdeUb9MJTEOizDjuKsJGwc84e6UIot7":{"chainKey":{"counter":2,"key":"i9KMcMMYhK3hlEKh1ZFrYzOzFIy4LBmdGgGM7PUGxk0="},"chainType":2,"messageKeys":{"0":"wz9QEM35F2E3rRn2vgWlgXLfzA0pRS8ZRwog04WjBPE=","1":"lgD63iPPoze4UzfdbNRa3I/7A8nUrVJucDRbReFGOBQ="}},"BbvIcuS7WBsEBdEROS5pEk3yeC3hhSHp3TP5bW3MiS5U":{"chainKey":{"counter":-1,"key":"ufvjHZYLl+zo17IOYQNWL0/eOf1O2/WZpeeh2eKy99g="},"chainType":1,"messageKeys":{}}}}},"version":"v1"}