{"_sessions":{"BVimUoansfzOeuyl3nxzhF41zzkizCvSIzs61dfZDt04":{"registrationId":757504948,"currentRatchet":{"ephemeralKeyPair":{"pubKey":"BbHwAmwmuWqoNHTp47l5i2HxKgeAvdJcNHRsUAlZeKxE","privKey":"8Ps40+aWkjII7HNHf7oqdKrYxE+0894cWPmwkPUICG8="},"lastRemoteEphemeralKey":"BQxfxtFaVUaYLXuki0BajBZ0yzucKBkb9ubHP8OTrgl1","previousCounter":0,"rootKey":"PBVV+hHGfm9NEW+CbqCr27/kfQ2eUCxjf3gTUIfYITQ="},"indexInfo":{"baseKey":"BVimUoansfzOeuyl3nxzhF41zzkizCvSIzs61dfZDt04","baseKeyType":2,"closed":-1,"used":1693917372654,"created":1693917372654,"remoteIdentityKey":"BfA9SGRXkFInsgr4BW8AdlrfBs8o1GvqR1pqMt4ZlEYl"},"_chains":{"BQxfxtFaVUaYLXuki0BajBZ0yzucKBkb9ubHP8OTrgl1":{"chainKey":{"counter":4,"key":"zDT2EWADKTuYs5msJ5u0RyDeGmf7yX/LqLv+4No7PFo="},"chainType":2,"messageKeys":{"0":"wVXrDcaTqP1QoOPdmovng1L1eaTXPbh4lO60mcSXCaI=","1":"bksAHM44hvaa4kPLFTWbYbg82PjpIHWYdIgV7aQ8cr0=","2":"EwjhABAnTYRfO85yQtEr8ytRM/yXKR7pdCBHg6aLf4A=","3":"8D1JB+1P2hNpd7JBZaMiucngoahl4/Wugq3sdNFWXH4="}},"BbHwAmwmuWqoNHTp47l5i2HxKgeAvdJcNHRsUAlZeKxE":{"chainKey":{"counter":-1,"key":"I5TF9TSDlGcvJC3oBXThU4y3RiXlJvG9Zc7y1DWtgyU="},"chainType":1,"messageKeys":{}}}}},"version":"v1"}