{"_sessions":{"BR87UFsIAqgiDdoi+11eWHfmgir22doN9B23uXIXKgFX":{"registrationId":953553694,"currentRatchet":{"ephemeralKeyPair":{"pubKey":"Bc1iuxa9pEY0RY9VL/7g7vNpYjjlMGMsY19gUC9BFFcB","privKey":"kGkiwNlSI4mxDz2PGHpYlsv/WE2m7inBFldvZPVlBkU="},"lastRemoteEphemeralKey":"BaQkcqVKEJliPEWIttFmkhhfbq/1dZM3yEcIGU6ERdVW","previousCounter":0,"rootKey":"JO0hBs5zvT8ktP7ZjnGHPkpY91NoXaof6PuzZxwRdfc="},"indexInfo":{"baseKey":"BR87UFsIAqgiDdoi+11eWHfmgir22doN9B23uXIXKgFX","baseKeyType":2,"closed":-1,"used":1693917198281,"created":1693917198281,"remoteIdentityKey":"BewdwB7GczLb/Scv4xlzoQgo1OGTHBF0CVCRXweVzbtj"},"_chains":{"BaQkcqVKEJliPEWIttFmkhhfbq/1dZM3yEcIGU6ERdVW":{"chainKey":{"counter":2,"key":"aRpS49AGh8qVlxtG/Vwm2XWtR4RZaMfj9h1d39UdZ2E="},"chainType":2,"messageKeys":{"0":"clqSax33waq0iQaZ1j7XMYCo6o1IH8PHcMbtPppyHJQ="}},"Bc1iuxa9pEY0RY9VL/7g7vNpYjjlMGMsY19gUC9BFFcB":{"chainKey":{"counter":-1,"key":"YafQsJrHfSV4CAMVnNh5V9ji0zcfVhmdFnHwhCVW73o="},"chainType":1,"messageKeys":{}}}}},"version":"v1"}