{"_sessions":{"BdqNJE70/hlOT5CEcSHOGY88m8UHAEYQQt/4Mo4A75d5":{"registrationId":1707519073,"currentRatchet":{"ephemeralKeyPair":{"pubKey":"BUTMhmdci3DrBoFI3/r2pWV0q/Lcji0tFTxXVdfnr+oz","privKey":"IAcsMq9av6fbn2tEdjrIkBFKdvyYxaVzjf3OQPJ2Mlo="},"lastRemoteEphemeralKey":"BZ0zBZIU5ZX1V6nyGto3uQSdszcok394FxyjyXbw2CF2","previousCounter":0,"rootKey":"CEj6p68bmY2BwjQgShCg/asR5Pzxq29wKT6ykSecdjU="},"indexInfo":{"baseKey":"BdqNJE70/hlOT5CEcSHOGY88m8UHAEYQQt/4Mo4A75d5","baseKeyType":2,"closed":-1,"used":1693918025817,"created":1693918025817,"remoteIdentityKey":"BcYBUx8cL1pu/IUexAzDe9eOrmgJrJcNS0CotQMmwco9"},"_chains":{"BZ0zBZIU5ZX1V6nyGto3uQSdszcok394FxyjyXbw2CF2":{"chainKey":{"counter":0,"key":"jV5xDdVhf47Sx2UuQKGpOy5u/ODM8D4DVqJOzsGmAtk="},"chainType":2,"messageKeys":{}},"BUTMhmdci3DrBoFI3/r2pWV0q/Lcji0tFTxXVdfnr+oz":{"chainKey":{"counter":-1,"key":"xL6/loz8dMGg1obDv4OZ3syLMMwVspj976aYzTyjB7A="},"chainType":1,"messageKeys":{}}}}},"version":"v1"}