{"_sessions":{"BXl8O0/YwbqxMvM8Ee1fVuQgGRsakEzdfAVehxKbTYI8":{"registrationId":668015120,"currentRatchet":{"ephemeralKeyPair":{"pubKey":"BZ+Jfu8dCe4oD9k75VX+ogR81RbzV2Gzmr5zt/Pgm0k9","privKey":"6EZAUq9W+RSA6+hmPdN3WFQspS05ERvV8zGxy7mH+ng="},"lastRemoteEphemeralKey":"BWJf5/juqRvmPJ+zPb/K6xGVCa2Xpgth20d0YXbZmSsf","previousCounter":0,"rootKey":"TPDQGECFst2pck0MaWCDB71OozqtqOWLXqlDQPqhRCk="},"indexInfo":{"baseKey":"BXl8O0/YwbqxMvM8Ee1fVuQgGRsakEzdfAVehxKbTYI8","baseKeyType":2,"closed":-1,"used":1693919345338,"created":1693919345338,"remoteIdentityKey":"BaG2n/aPTicHLH9Uu+L3022/shS1B/8i2VboBsNFkNds"},"_chains":{"BWJf5/juqRvmPJ+zPb/K6xGVCa2Xpgth20d0YXbZmSsf":{"chainKey":{"counter":18,"key":"gUH9COXT3+t1+oHp8Gse+A6IH8a5MlDzDqu2dzL/UTI="},"chainType":2,"messageKeys":{"0":"nCtScqP+yI41o4rEbGcxH4C0veyq/6blThjpwzW4te4=","1":"pEHJNyUWeUgBGrYKyH8KqzH7AG9Z9j9jJjTk3BPo2yk=","2":"FG1bckVXrpA29iSTkDwzZNuJi1CDHFgZ3MlQr3CnViA=","3":"Beyzu81Va4dk4mRu+6YcZ9ePlalECeUmalPn5oIMkWo=","4":"U3D5l81MYANFZDx6SAK4P360ffSAEMjaKqoTWxinXEg=","5":"fBsoZUz3sHrGWiq/3UEsB1Nx2lCsFnXzV/0XDboHKwg=","6":"i9hSiQobVBBEO8SVPwp8s7rcnNjub1s6Lv+UB+SueRs=","7":"G604k31Oulgp5t1hhlRiEsz4o2Rb6NkCR6n3hiauN7k=","8":"EcyVkeD/Sy/2r7azCxzkkZD8boX9zGSPHkj5db77Ibk=","9":"AhlwHy42Ks7+CaaNcc3a5bMpyaOCc9Hfz/nS9vZrpeU=","10":"cos7LiRVM8PHtGU6qJaSYQnxYhYzk6ZQVjbKnT37fN0=","11":"xAAwoCBmlaMomSQKFbr5ilI/meRgYESjV2n7Zpjir5Q=","12":"8G/t6gDjBzH+NxZSvyUa8xT4YCBmNIfRoSgeVch57PU=","13":"NOun+n+hVEYqzXsT3fyCbWfdBaJnJJekdLvGFSJ1Cl8=","14":"U62D5xH9y9PKQ0D4WQO4fupGRXSqxzcM36UONHxp1Qg=","15":"f8rpM3PBGPrXmC+dkPpV8Cu91Xq1nI2FKhbyJpxAihM=","16":"g4ljVzAeMoQJpzNyG/QUU0OGg9vWjd0C6ckrm66r7ho=","17":"ElBfKAgYnUFuRNCVIdwmyDBiPfCjT/Eo9fn3SVEyJNk="}},"BZ+Jfu8dCe4oD9k75VX+ogR81RbzV2Gzmr5zt/Pgm0k9":{"chainKey":{"counter":-1,"key":"NINR0Tc916IPOlp5dSAuMviMMxYdFHCRHT/xzh4AQCo="},"chainType":1,"messageKeys":{}}}}},"version":"v1"}