{"_sessions":{"Bdmkj05QdRfa2YDZ4ZH1becOJgpPcne3cADvmHXM/AVx":{"registrationId":130925775,"currentRatchet":{"ephemeralKeyPair":{"pubKey":"BS9NAgyrG22uBAX/R2f6VNd7iupMqLcQ7lFyXnJHQINc","privKey":"kIbNY2xvkPQcnMA2iu00MICtcBWN8FqM+CqBwf2CLGs="},"lastRemoteEphemeralKey":"Bdy/nv+9mo7e9wPmggehot+4YBM0eagLlw75qTZ/6r8M","previousCounter":0,"rootKey":"M5V/byGESIPRqEpH21n1/8XGzbsJG3p0v7pCiF+10ys="},"indexInfo":{"baseKey":"Bdmkj05QdRfa2YDZ4ZH1becOJgpPcne3cADvmHXM/AVx","baseKeyType":2,"closed":-1,"used":1693917263874,"created":1693917263874,"remoteIdentityKey":"BYqWdt5+M/6cikK7F+fEkFSFdB2HmlN8C0jm61eB4mR6"},"_chains":{"Bdy/nv+9mo7e9wPmggehot+4YBM0eagLlw75qTZ/6r8M":{"chainKey":{"counter":2,"key":"MJWscz2IYfN0jBi8JEGT0n2MvObeyWsfCK0q2U3jpcw="},"chainType":2,"messageKeys":{"0":"XUyafKhOuDpx+zACfzI8SrNfD5Jx88TFLYnzDVXifkA=","1":"rKatJOqBWC0LDp/1f6X2Ny778CaMOyXe5v3hxL58wbw="}},"BS9NAgyrG22uBAX/R2f6VNd7iupMqLcQ7lFyXnJHQINc":{"chainKey":{"counter":-1,"key":"ooi5nDGOtrmeM+MKQxC9RbXJ0AtwEXZgCsRt/ICWWFk="},"chainType":1,"messageKeys":{}}}}},"version":"v1"}