{"_sessions":{"BbTHhAH3aOmN8b/bUHPBVFTJQbm6P+/SBNYF7IPA90BW":{"registrationId":364913145,"currentRatchet":{"ephemeralKeyPair":{"pubKey":"BTz68ghniL/cmHwRqF/xu1PYlStDbtqOUV1ZAUb037sP","privKey":"wPfs+4sWF9qgcfyh7JShRWoNTRuf+wXOoWhL/dkWnkc="},"lastRemoteEphemeralKey":"Bf8MKWPO9SjuENmEm9B5pkkuzZhAEp1nhb8083N5CXZs","previousCounter":0,"rootKey":"fxdRdIQgScTIoxKABUxviC1qtMb1lZwQQOJT6EeILSs="},"indexInfo":{"baseKey":"BbTHhAH3aOmN8b/bUHPBVFTJQbm6P+/SBNYF7IPA90BW","baseKeyType":2,"closed":-1,"used":1693917569301,"created":1693917569301,"remoteIdentityKey":"BZegLGmUYbnjfsrHLxDuHTwdDAOQj6aicQMB+S53UOc/"},"_chains":{"Bf8MKWPO9SjuENmEm9B5pkkuzZhAEp1nhb8083N5CXZs":{"chainKey":{"counter":2,"key":"EZFZnVGvZRgBfbIKfs5dhL1QHClnw03a4a8dZl6+Nk8="},"chainType":2,"messageKeys":{"0":"Ub0WK4vBfWMyuNzr+AEb6/csXTwmvxQ8TUmRel0Dg9w=","1":"46twz2/IZ9qUP3wIf7h4C/uMjFpIZWdMXm578NBxgZA="}},"BTz68ghniL/cmHwRqF/xu1PYlStDbtqOUV1ZAUb037sP":{"chainKey":{"counter":-1,"key":"kDX9Xi7IFP0oGupkiidtNTlc7vv7tqiHp9HCbNgudFQ="},"chainType":1,"messageKeys":{}}}}},"version":"v1"}