{"_sessions":{"BUv3n5pYD7jzjO907m8H5Zpm/ISSs1rCYnkqWlnspEoV":{"registrationId":714125704,"currentRatchet":{"ephemeralKeyPair":{"pubKey":"BT74tt3yv0lRnRa3Kg6nxnUmqWoTmpt2PbKlhO8Y8q8E","privKey":"cHNK14bAPP8kPHiZDIpBwdzOpReOqbe0O/T/rBoP82I="},"lastRemoteEphemeralKey":"BYzaKVmGWWCofGbo4ygQqKxR39QKmzZ4S3tB9iju8edA","previousCounter":0,"rootKey":"6MBDcojDbrjGMGXSNnx30qsxBp9/2lWtlXu2Xrwc62k="},"indexInfo":{"baseKey":"BUv3n5pYD7jzjO907m8H5Zpm/ISSs1rCYnkqWlnspEoV","baseKeyType":2,"closed":-1,"used":1693917422874,"created":1693917422874,"remoteIdentityKey":"BfnN4klnW1wL3u+DbIeO9YxHJ5jD6leoRq2EkrJZOnRE"},"_chains":{"BYzaKVmGWWCofGbo4ygQqKxR39QKmzZ4S3tB9iju8edA":{"chainKey":{"counter":1,"key":"iB4JkwqOPbYdNalUN58lXLJe2zRCCxv6af+S/Cj7rYo="},"chainType":2,"messageKeys":{"0":"ejZCZ17FSLY74hWmyQBWengVQ9THO5n2r2kdfcGsSJY="}},"BT74tt3yv0lRnRa3Kg6nxnUmqWoTmpt2PbKlhO8Y8q8E":{"chainKey":{"counter":-1,"key":"nEcZnFi8pQquHMrP8sBtf9XBjgbJ9ew3T0/KCo42Vog="},"chainType":1,"messageKeys":{}}}}},"version":"v1"}