{"_sessions":{"BUD7SX+cf3DBkntBg9KkveRH6d50j6PkHSVzZ5f6vp1J":{"registrationId":1192048017,"currentRatchet":{"ephemeralKeyPair":{"pubKey":"BWE5OTF9r/gkDMRH1uOMFue9n9fgQRf97C0pC5rnovMc","privKey":"kF8MKDX+fRyZosSW/rr7YXTCFdg8ITlAoEwTf7dan34="},"lastRemoteEphemeralKey":"Ba2bE/tESaHuVEc15u71vmbNSwW7OHh/pAs3SJfvrZEE","previousCounter":0,"rootKey":"YUO11eEREX8uYEVpxeIU4u89edTrAi4luRrKW5Bv1xc="},"indexInfo":{"baseKey":"BUD7SX+cf3DBkntBg9KkveRH6d50j6PkHSVzZ5f6vp1J","baseKeyType":2,"closed":-1,"used":1693917825386,"created":1693917825386,"remoteIdentityKey":"BcrbqbcPmn0Yx/yWTwDnmIkSrJ/ejFSNyXTgTRopGF1P"},"_chains":{"Ba2bE/tESaHuVEc15u71vmbNSwW7OHh/pAs3SJfvrZEE":{"chainKey":{"counter":17,"key":"vPXma9wzdfSv0gzh93eTv3H+15igMIkTJlVyO6lrxbE="},"chainType":2,"messageKeys":{"0":"yWBDOl1gNMsMVcEvS+UVTQ4QMiaiZ00SsCba9dQ3nWI=","1":"PT2dOrdkGUVtOrc4Rp7zqO0lunaEjeh+3+yAYTVQVMU=","2":"ULqL4+xz4IBNbuw2L/kccDtTBvmLVM6LwvOMLy8zTQ4=","3":"vqXYWcOfl93g8sXpb0tZvA1BSkmLSqW2hLXO+1qlCHU=","4":"YCstWJsEaeOYzC/m94C/e18x4Ec/LyV4jUTnaOboyZQ=","5":"EugLJhju8l+/W4eMvcblK9jPWATe8dpo195OdkFvDxQ=","6":"qTh6H/Bq8wXgpp+rMk0ZmcF1uMw0SVG8ljFUY2TJOoQ=","7":"6VHJvlBK9eqhgIcsu/Q8qRaTYyzTFnG3rlIQ7l54AG8=","8":"XtxEZXW4sMRL7NHORfxDsPSBn+7IB+geoYzCgc84t/c=","9":"YLbzjRcHdO+yS0YEHkD6lpZyv/5yujP7IYpDnQWkaDI=","10":"qPksdDusPKfCHD8UxAcqlREFcl6mWDqfFh6mY5uMT88=","11":"zk7uEj1SKzsXAoAoLmBkq6wQ9kssGeeVA9ELLz8FONo=","12":"rYnLDrgooWYHUw86FIptCaOcVHiUlmYhxWiWZ9RfX5I=","13":"SvzOQt52Y+H7TqvW67hwS9x6qHPxyzHNuErWNRH9beg=","14":"U6TJjeAZN/j5GPvK4KiZ88tqPW9xL/GQjB3r3p0iagY="}},"BWE5OTF9r/gkDMRH1uOMFue9n9fgQRf97C0pC5rnovMc":{"chainKey":{"counter":-1,"key":"itOvbZQVTxhbB6UZX6Q/7Bl390vV1FHE0GiOPs4pWfc="},"chainType":1,"messageKeys":{}}}}},"version":"v1"}