{"_sessions":{"BecJaU6pTQwYBQlUgxQfLKM8PZS0+Lksf1mB4aRokBRO":{"registrationId":1976928422,"currentRatchet":{"ephemeralKeyPair":{"pubKey":"BfdvgWrk57f4LjfIEmzcest5RZiX6BfLwQkr0/bzG5NV","privKey":"KBhgxVc9kNVrXAuE6/UikY+fPOXMTkXbA3hTDdH+qWg="},"lastRemoteEphemeralKey":"BVzf0NZ8hweguTCLUJWKJBAoCN85R1NwS7q9Y9QKHcdj","previousCounter":0,"rootKey":"9Ft6wwyXGCmNROK8GGd9/A4xQGRojhxzONzzkrxhyRk="},"indexInfo":{"baseKey":"BecJaU6pTQwYBQlUgxQfLKM8PZS0+Lksf1mB4aRokBRO","baseKeyType":2,"closed":-1,"used":1693917197679,"created":1693917197679,"remoteIdentityKey":"BVe3Ehdy3hOibdP59x9Th5I4ZvtgdzLN78CRlBEhng9R"},"_chains":{"BVzf0NZ8hweguTCLUJWKJBAoCN85R1NwS7q9Y9QKHcdj":{"chainKey":{"counter":8,"key":"JCEc+Qh/YoTXWQFNGMhL+9o9P+/qWK18pg82pZmpOW4="},"chainType":2,"messageKeys":{"0":"r7QJdekcGFkLzHHpCs4DscTlph+D0RUdSe2Jke1lnHI=","1":"2IlslkwBYlVR7dwdfENmw/Lc++bSCXdjSZdREVGBfyw=","2":"UY/dxDXq6VWAKz23Uk8U/EAHbCtWpAwKtI+Apt++RtY=","3":"EizrpTKDYgy7EA+QwMfUb0vMDunJMnVhJ9cYkrIHees=","4":"tuAksCtsaTyv/wSnEzbhvOtOouvG3rk7PZlqPAUOKmQ=","5":"obNUZ/9/t6Ix4Q5NoLfMPH6NItV1zhQ4DsVg80WBvHg=","6":"o8nwoVJHq2xyMA5ovyYInu+OtiWMfATkSLZv92IoT9s=","7":"UF9LyTi03e9BujvaQnzmfdcLU+ffw+1tSuwzBPsPmjI="}},"BfdvgWrk57f4LjfIEmzcest5RZiX6BfLwQkr0/bzG5NV":{"chainKey":{"counter":-1,"key":"YYKMKy+OqQgYgXNeCCGLzhjwwfd8E9PN6AltOLr+ECI="},"chainType":1,"messageKeys":{}}}}},"version":"v1"}