{"_sessions":{"BT3uP9KH2HVbp4InAn65c4G9XPv5b49q8uOMXfiVWVJt":{"registrationId":948713723,"currentRatchet":{"ephemeralKeyPair":{"pubKey":"BezE3cZHviykp94qxC/dbipizTmhILC5BGaVRSvQOLtx","privKey":"4CmIRpKA/MMZssOCSecmYE0SS8bMu2P8tWb0AVjUMWQ="},"lastRemoteEphemeralKey":"BTwCDeRABVfTSPu3oyFV9/wGHFYcMSFmdfet9bZYEzt2","previousCounter":0,"rootKey":"jyxq669yqZKRgUmpasX8jPjWBhXbWo1wGS3oj3NGtCM="},"indexInfo":{"baseKey":"BT3uP9KH2HVbp4InAn65c4G9XPv5b49q8uOMXfiVWVJt","baseKeyType":2,"closed":-1,"used":1693917334628,"created":1693917334628,"remoteIdentityKey":"BXJxJoeuxbrs1d8Zg6b4h0+/mrLihoIqaJeuOcgaxC1d"},"_chains":{"BTwCDeRABVfTSPu3oyFV9/wGHFYcMSFmdfet9bZYEzt2":{"chainKey":{"counter":1,"key":"DFcgoFPYOZlCO673rAx7JCbQtV3wf+aV3eKUAvSsPz0="},"chainType":2,"messageKeys":{}},"BezE3cZHviykp94qxC/dbipizTmhILC5BGaVRSvQOLtx":{"chainKey":{"counter":-1,"key":"8a4rFJP+S6AJlpplNNRwlAlHi9GHnB7vPDOVGXJSSvc="},"chainType":1,"messageKeys":{}}}}},"version":"v1"}