{"_sessions":{"BWeOMnuy+E79elt7lRnyCfxk/Ajg0hAYFT1ZvdA6QGkm":{"registrationId":352097005,"currentRatchet":{"ephemeralKeyPair":{"pubKey":"BfSrh7Pf5vDXYGEpWMS1wr6hxgDpqiRWja68L1wCy0J4","privKey":"4J2I/t7dI7NNYy62VZr9EcwwdmEubFszmNI8Jd3k03Y="},"lastRemoteEphemeralKey":"BbRW/vhI9i7p3c/iGqiqPw7f7lL/Adu6m0Qsx4XwV6UH","previousCounter":0,"rootKey":"6s05DWBDN/JVRVrI9GEDWoAFFJosipVVfRnlagvBu5w="},"indexInfo":{"baseKey":"BWeOMnuy+E79elt7lRnyCfxk/Ajg0hAYFT1ZvdA6QGkm","baseKeyType":2,"closed":-1,"used":1693917509879,"created":1693917509879,"remoteIdentityKey":"Bc2dLRMQSvNt2srKaxwAkTSc985IPu+ZDjBWgvm26kFR"},"_chains":{"BbRW/vhI9i7p3c/iGqiqPw7f7lL/Adu6m0Qsx4XwV6UH":{"chainKey":{"counter":5,"key":"GdbkQOuSaaQfmHTeDugMOb7JP7U1QAJ4ERPQgGHpazs="},"chainType":2,"messageKeys":{"0":"8DJm1ErCF7ak5U3mkasnA6CbM/j57KIXHG3/NeUplGQ=","1":"HpkMk/MzAkiD81AUrVGoDp3LcAH34IgodT2vb+xro3E=","2":"d95YXTUq5f5eP0k30YpZZT6FuMk8zTh2IMlLsUTIaKc=","3":"MrLjn8MexlbvRrLSqxCKlsFD9tQLdiiBLP75iz5fkoo=","4":"hfILraIOHYasdTRkQPpTz6qmDVkuv0PQlMakPL36lRs="}},"BfSrh7Pf5vDXYGEpWMS1wr6hxgDpqiRWja68L1wCy0J4":{"chainKey":{"counter":-1,"key":"2K5q3JUZYtIHerUyvDjM46mYV2bWQ6gpjefPYvzX52E="},"chainType":1,"messageKeys":{}}}}},"version":"v1"}