{"_sessions":{"BTxuSNZ0MsFIRvZWKuE4COcnxGcIM4fC7Z1R1rlQ0MQk":{"registrationId":1725756334,"currentRatchet":{"ephemeralKeyPair":{"pubKey":"BZdqMaDM8JRCC3LjqQ4kjcb9gqESoH6PLXf02UmlABk/","privKey":"CPIScbSUFFg5eQefollWRJHJAcqpLuYM9EIn8tdSnnI="},"lastRemoteEphemeralKey":"BRxYzqlOKIwZPTinxF5uS4ezc1Rrw9VYBIl4nOPnda4L","previousCounter":0,"rootKey":"j9gBYvpAarYRKreCijtgytKu8QZiHHAHuw7+PaIUocs="},"indexInfo":{"baseKey":"BTxuSNZ0MsFIRvZWKuE4COcnxGcIM4fC7Z1R1rlQ0MQk","baseKeyType":2,"closed":-1,"used":1693919932519,"created":1693919932519,"remoteIdentityKey":"BadD+mu5bQbbxXhELqUE9bCQ6zc9nxDBJbA33RHp515M"},"_chains":{"BRxYzqlOKIwZPTinxF5uS4ezc1Rrw9VYBIl4nOPnda4L":{"chainKey":{"counter":34,"key":"CdzarCHEW3PuAqfuKsoEF4shOHj4SrBJZuuTtXOvtYQ="},"chainType":2,"messageKeys":{"0":"EFCNIfZOEy8j4jjWB0l+3br1WOm0ow/SDB1eRL4rAFQ=","1":"dzA/TH+Rk3qpGel0Ch63/bMcUZAMfVQSkSnrK3alFGg=","2":"BotL3DTNTFjDthlwwT7zlIPSYp/FnvZ0rKOVntI/UO0=","3":"+LdXWH8xV67t2IA1/2NsRXKCEPq7iEnNxdPMmyur6xk=","4":"4lS+JSPpLMR02gpXEVQqxaXG10o9KSGokwlT/Zri0ho=","5":"/xvz0+ZCncOpM9l+1tZOHBiI/kfOElNK3Owbjd1lVow=","6":"1Td/SkDdgC+0rTUrS8+ypVsFRK27XzGhdBERJgI6DGs=","7":"u1y8MFTEU7M34i3DTc8DpBtbYb72ei53Ji2py6YRtf4=","8":"IVyhlKOc9n19l0pr9fLi7kSLAvZAT8IOOo8jcnq4PCA=","9":"CWLXInNo3XXpqDoEvS2Mrnss9aVoWyJqvz1w5hmlkB4=","10":"3seUVD14C/p3Bg6NwzjOoX5skA2lKugJ/nSWLEt0l58=","11":"f+hh8Su1pzass0hwypLrIyxrTkrWBh5J2WO8/cetwvg=","12":"saEsBDL965IVYma4UP3Xh4Fg6QCu6eX+xphEQZsZy/s=","13":"Ddkai0WfZG2KCHExkb2HpNA51RjgiwuZIdYxsx095Nk=","14":"bIAmJREyK7Qv5+oyGBEMj2/bdZCEyKGV0QKmmuVGyEU=","15":"FJMqL9XQYJc5J/B/y57GunMBNSOW7jayrnOqVBd07WM=","16":"QmmMzVV/fH1WUfyXMFIUuHtuBcAdesX64DYjLmfDGog=","17":"4nsKbxxmBgaKpJiW0LnmC+gIbUhEXhZWLD45FSGBHI0=","18":"ior9AyWxBhTUvvJa6Qx+FEu/zFKSutOQh4cYWqCJ5p0=","19":"sJmkA/ELx0DCaNY619MnVjY3CIfF9lK/WpRHLnYaF6g=","20":"N6zHViwku8CRuwNCXA2oUzwKSsHn17kKqh1bO5Y32Ik=","21":"E5xvnTcXGMg39w+qCyOML4DmWccy7AafwKS3K5/w3mg=","22":"BIiHaWj0U9yS8Li30Pf64YSRj5AcoucnKY/6/hyK1Nw=","23":"4j67GgbCDEkqsiFRt24PM3JtZy4qBzhCRmZMloGjRd8=","24":"qVjSOnd9wOFFHfKhn4VMLWffkrVxdECtUEVhoPOpzKc=","25":"kf4FaIhz+NfSPPAVrxI8eJP3vwec5c51s69U1qMoLLI=","26":"CVtwHom29CiQu9Cnk828N5pwfGDtJHcEDXd2ErKUFYo=","27":"qo1spv1GlDOfvRsU36MOhq1c24o6jOml6nkotvXjvSg=","28":"ir+1I1Wi1T8cZaboREfefYLjpHfbQgyNGFDoXhuWC7A=","29":"9mxPp1mWmeTfri93jpHrX9flOEgyrFc6uBdofOhxJns=","30":"zRGA5t632aMS80EgA5ohhvZhfVd1c4STFuL6WD3/XfQ=","31":"Vpp9uf3Wxb8ncNd4kyZ0tT8s9sRsstGwkL7ILtbkHrc=","32":"adImOl0w0hunUQOOfzuZLk0BhjKFeHDfpbK9a5AWIxo=","33":"nvZ5Bw7fWfUC+uWP9q0JiZIJzAjlt6Ow1QOANc3CyGE="}},"BZdqMaDM8JRCC3LjqQ4kjcb9gqESoH6PLXf02UmlABk/":{"chainKey":{"counter":-1,"key":"EG692jJEACae1bkfHZLOArGZK+tvQKPqw7LGPaCHTik="},"chainType":1,"messageKeys":{}}}}},"version":"v1"}