{"_sessions":{"BVAo4t+jkPfH0MGbyJQUrysXdHgKrlyWD0Hqp8+IRUJY":{"registrationId":281971558,"currentRatchet":{"ephemeralKeyPair":{"pubKey":"BSrv899IOXIaEPpVYRgACKfdZ7sfIM/cr1yx2o6jek8X","privKey":"kFG2IRJnp5gmMjUJFe+/wOsPxSeFu5zbd5xJwXCx9kI="},"lastRemoteEphemeralKey":"BbjjWq6HHYu5CAThGI0uDnCmCr36NMS2iJHmaIrUMV1x","previousCounter":0,"rootKey":"8n0E70SvpUhPF9S/u8aD4IeCrgEzf40ua3PBWzbstS4="},"indexInfo":{"baseKey":"BVAo4t+jkPfH0MGbyJQUrysXdHgKrlyWD0Hqp8+IRUJY","baseKeyType":2,"closed":-1,"used":1693917350603,"created":1693917350603,"remoteIdentityKey":"BUgS2Ph3BEc+ij4zcu7VgudBBBZPOu1/Zq9XFLOtNNRc"},"_chains":{"BbjjWq6HHYu5CAThGI0uDnCmCr36NMS2iJHmaIrUMV1x":{"chainKey":{"counter":7,"key":"HHJ4JU/Rbgj1lb/s/cpz1JLLIfW/olUSviUAW3ciH9E="},"chainType":2,"messageKeys":{}},"BSrv899IOXIaEPpVYRgACKfdZ7sfIM/cr1yx2o6jek8X":{"chainKey":{"counter":-1,"key":"YGB74R+XJJdZM5gnhrq50+i1virPQ0fcZxqeFU//t54="},"chainType":1,"messageKeys":{}}}}},"version":"v1"}