{"_sessions":{"Bc+9vAug9hsOd2yUcJqUYG1xjz4HhR66xri+RBJvgaMl":{"registrationId":764707760,"currentRatchet":{"ephemeralKeyPair":{"pubKey":"BVyDbeA0W1fVi1zTWMx8joat/YpDp1LgLo5YLnUaOahM","privKey":"KNuj+yJXH2rN/gPxELmviD8La4e2u7OjdMqgkEqMomM="},"lastRemoteEphemeralKey":"BUQLTmyLC5gSJthBh6MEX2o1sKX0SIJMUmjRYM2uGcVe","previousCounter":0,"rootKey":"zYOr7xfyl13zUKDeuxOqPrfFzJEHRgpH17DaAB0RK2I="},"indexInfo":{"baseKey":"Bc+9vAug9hsOd2yUcJqUYG1xjz4HhR66xri+RBJvgaMl","baseKeyType":2,"closed":-1,"used":1693917888098,"created":1693917888098,"remoteIdentityKey":"BTVY1rKVnfHf5ji2AMOoEnVKArEIjDkPb22dx3J2dJBN"},"_chains":{"BUQLTmyLC5gSJthBh6MEX2o1sKX0SIJMUmjRYM2uGcVe":{"chainKey":{"counter":2,"key":"WHtNLS4TBzSZj/ziMbhqhkBtehrpEVWofJ9TohqZxpc="},"chainType":2,"messageKeys":{}},"BVyDbeA0W1fVi1zTWMx8joat/YpDp1LgLo5YLnUaOahM":{"chainKey":{"counter":-1,"key":"ZSKmfStFqs5qshPWBuuySbDnbIqEXfKn4leMte1rV6k="},"chainType":1,"messageKeys":{}}}}},"version":"v1"}