{"_sessions":{"BWv023YOPCJo2fwi3/5qfEUfgZDWm7f5ArtcbHIM82ZP":{"registrationId":1292971842,"currentRatchet":{"ephemeralKeyPair":{"pubKey":"Bct4zOwG4gCXV95VBNPe0Dnliqg2ikZWdOgqwKOIsksB","privKey":"kN4UrIsq3rr4OFPUnTf0dhcoeH3O3JFy98Qzz9sqDWc="},"lastRemoteEphemeralKey":"BU3doXsEe81B8WxQDcDDTncRT8MOWE8pohJL4dx197Z3","previousCounter":0,"rootKey":"Yr7vR22jezKFeGGs9wvruANashqUBQHb5jyhbNEUuCc="},"indexInfo":{"baseKey":"BWv023YOPCJo2fwi3/5qfEUfgZDWm7f5ArtcbHIM82ZP","baseKeyType":2,"closed":-1,"used":1693917361752,"created":1693917361752,"remoteIdentityKey":"BZbzgWNgVCd+cgFP51XGYT6auDy8DoikHHm3MXjdwnQL"},"_chains":{"BU3doXsEe81B8WxQDcDDTncRT8MOWE8pohJL4dx197Z3":{"chainKey":{"counter":0,"key":"zBZYKE8eUuinPaZLTU72KejP2SUfrH7pHyKCBBdm4dk="},"chainType":2,"messageKeys":{}},"Bct4zOwG4gCXV95VBNPe0Dnliqg2ikZWdOgqwKOIsksB":{"chainKey":{"counter":-1,"key":"MQdQFUldlYSWj8dqMFR8L+B01KyjuoXUQ77xawXwYgI="},"chainType":1,"messageKeys":{}}}}},"version":"v1"}