{"_sessions":{"BbIgVpLiptKnusSkHRV6DjS7DUuIEWfQZFnxNbu77gsF":{"registrationId":272649687,"currentRatchet":{"ephemeralKeyPair":{"pubKey":"BbZHhNEOTNWWYGxMS3gsZ6TMFCJv+8h0tXj5SO6jNqhV","privKey":"eN4/++DfPnX7ZX3Xbh0M6fafeA1T4XwcCzIMXSWbG2E="},"lastRemoteEphemeralKey":"BUMX8+bX5nxksk7ov9PaWJtK1i1O/l9Y/ykiQQk/qh1x","previousCounter":0,"rootKey":"elYf8TS+FYjkrvXu11GaShxJBOk3Qzotwd52Py9kMLE="},"indexInfo":{"baseKey":"BbIgVpLiptKnusSkHRV6DjS7DUuIEWfQZFnxNbu77gsF","baseKeyType":2,"closed":-1,"used":1693919524829,"created":1693919524829,"remoteIdentityKey":"BdnDlWnMpPy4uAzhvlWbUKyGs0UGFY3n1Zuub3tQFKkU"},"_chains":{"BUMX8+bX5nxksk7ov9PaWJtK1i1O/l9Y/ykiQQk/qh1x":{"chainKey":{"counter":27,"key":"1VtJ/WSp0oRV3JF2Y5ZWTikj2milx+6xbohjDWf9ass="},"chainType":2,"messageKeys":{"0":"CZVg7EGKMF+W0/WzX4lfzkWoXrHxz/2pCsrrt9MRkU4=","1":"CFhBfixBB6DAmybNZFsIJQXVKWMif5znTXl42KcYT8k=","2":"2keX4sI2hOPS0j77MrmgRT5laJ+TUlt80j8ekcOC9NQ=","3":"J3z9k2bKc4tBOvZxJQacWwdgHBNDgALhSzsUdhWrVnc=","4":"FaPGunnKMdNWLM4dSYFR6jZs38HyP8ooQq+dIM2mtPI=","5":"gYMEfMgCCjVR8eBCW+zk/vFO/fG3YnnST7/Op9ktmqQ=","6":"3nxv83H9jbOD1LEV3uSp70Cahepp7RiUCEmQbtJCp3g=","7":"B1gecxcazzcvjharB9g2fttL8b1Kii0zurXtVtKflic=","8":"m86ggkeGk6yeThqct1iyc0QpryLyom9GKp5qCjTNIhE=","9":"JaUAK6oQll6YPYkqDi4UrmFQsqN10YG9jR4bcGwP7kw=","10":"1v7LNRVfx1vXUIAaMfgER7H5ci3/f9VTRlQRk0DUy4Q=","11":"3YDzEHe7NWnZwN1yob6dmv1DWml0DuRbZvbXbf4p+zE=","12":"xO3v5BKUPL2n+nzIM8Ey1GHyjRCl5E2acglBzEl9jPI=","13":"woTzDXMDsG0i/USVpd+YtpleV94NidfvONUrmU3Rjt4=","14":"zX5+VrshvcFtPaP57QxmMZk3qiLCEbK6hsKBOE730A8=","15":"B3tkyA7gVYxy4i1e9oA87y65J9vdnS8/EtWWLw6Xrww=","16":"zvCwcAWe+NatHolWsPFYsCSWZ+KrLbq4anMnrrVnoBg=","17":"9aJ8WJ5jovuY8t4i3QqjA5sGZ1vL2oX0THH4Fe99zPQ=","18":"WIdImwxu2ZaJonKD4Hjr7hrQKXpdL7LDGDb272cfwWg=","19":"zJ74qe2+jyOzyBweoqyoz+BIMtWukeB2Qbfn4h7qnAU=","20":"SoyJXLl72DlGttCABEUewECwr1AYmp0hBrnwhNETKNA=","21":"5i1pNCYw7m72bHVFtbV8PmSFfmq9yF4ZgEV5mNOMKio=","22":"RyJtmnj1aDofGIyngsj/LEgCak67fvo8cWwHvQ92CEY=","23":"zTadsIxW4wIHbWFFdwo9uTLKcizCAHVdPHmuJksVwNI=","24":"8GMeBT42zy3Goe6GL02cdFCKGR6GM286NE68yjO+LoY=","25":"teGDNXeMt/GbdGaX3k7cwrYgxZJPnIHyDeNCU7sHBn4=","26":"xGKN7wLFoBCcXtleS8gJU1GrsIEqloFtYEG/CjX1E8w="}},"BbZHhNEOTNWWYGxMS3gsZ6TMFCJv+8h0tXj5SO6jNqhV":{"chainKey":{"counter":-1,"key":"PCnjgp1WLniyOrisCjZKgAG7J+YQusSPI0RmPv03aNU="},"chainType":1,"messageKeys":{}}}}},"version":"v1"}