{"_sessions":{"BTXSDrh2tWlV01ZxT2pR0lZrXUBA59zWgMWZ6gOM37l+":{"registrationId":255,"currentRatchet":{"ephemeralKeyPair":{"pubKey":"BeLR5O/iDkHwiDkXoiHFYid5iL4vP5AXDK1xhyTLopBH","privKey":"KFW5IU0UdZNJo7/KWAJkWaONPgvbrBpMsA3iB9rGAmc="},"lastRemoteEphemeralKey":"BSU8zp3RlQhZRn7CBnUURR2+6EEGZzY7tYIrpszbKaAD","previousCounter":0,"rootKey":"D1a5Zv7jaGxsboQIozIJYnrA5qegDooFaYhkwjctQVI="},"indexInfo":{"baseKey":"BTXSDrh2tWlV01ZxT2pR0lZrXUBA59zWgMWZ6gOM37l+","baseKeyType":2,"closed":1693916944059,"used":1693915927589,"created":1693915927589,"remoteIdentityKey":"BYTWu7EpEbQ5CnopJmjRBtSeCg1J2OmQZsihznLjUBND"},"_chains":{"BSU8zp3RlQhZRn7CBnUURR2+6EEGZzY7tYIrpszbKaAD":{"chainKey":{"counter":42,"key":"wrJdYlF8sFVFwYHhq9H4x9cSdTLZsFi4v09FN45lCWA="},"chainType":2,"messageKeys":{}},"BeLR5O/iDkHwiDkXoiHFYid5iL4vP5AXDK1xhyTLopBH":{"chainKey":{"counter":-1,"key":"E7sygyDAlREh21aEeN6x3M/D9sA065sZE4HJINwuw4A="},"chainType":1,"messageKeys":{}}}},"BcU9SOCSomF7+YeRt/z2oqYbglr4m8KNhnw6qTAyS6Jt":{"registrationId":255,"currentRatchet":{"ephemeralKeyPair":{"pubKey":"BVmVk1PBWwaZlEmjTSjd3PacaCWva6PLOLRuMCPLO35X","privKey":"AGGsg9AAExRu2mARwVjhnrqe8eClQ9+USuAQ8XMxX3E="},"lastRemoteEphemeralKey":"BZMwRf1sQJ7mjEHBVqSpIyL2bdwuXAvvAPmxLXDsHXUC","previousCounter":0,"rootKey":"WfmVZK7gSzbUjW6BjDqO2qYVQjtx4pNWskIbadQ7xNo="},"indexInfo":{"baseKey":"BcU9SOCSomF7+YeRt/z2oqYbglr4m8KNhnw6qTAyS6Jt","baseKeyType":2,"closed":1693918636998,"used":1693916944060,"created":1693916944060,"remoteIdentityKey":"BYTWu7EpEbQ5CnopJmjRBtSeCg1J2OmQZsihznLjUBND"},"_chains":{"BZMwRf1sQJ7mjEHBVqSpIyL2bdwuXAvvAPmxLXDsHXUC":{"chainKey":{"counter":3,"key":"928HGlGFkLpiHBb8sRzGahs4koJMyPpYAfXViBAqvAk="},"chainType":2,"messageKeys":{}},"BVmVk1PBWwaZlEmjTSjd3PacaCWva6PLOLRuMCPLO35X":{"chainKey":{"counter":-1,"key":"QBpti+zIH0XsUGR6LE64GeYTlkYPcYM9nL9oWYFzevI="},"chainType":1,"messageKeys":{}}}},"BWtu1jLNxvzfD+M9iYD4RY6iSiDTNy8vS6o00Nk6zIx2":{"registrationId":255,"currentRatchet":{"ephemeralKeyPair":{"pubKey":"BZxG51o5mZwvsCJ9OXxABJnbO47JTm+XYzCi9E0P3idO","privKey":"KFb0Ah7nZLfir8Vm77pBj5Vmx6obYTHlkY9Csow6rHM="},"lastRemoteEphemeralKey":"BQlb5VusDMJg0MbbGgBwDGpVC2eEzO4WBFm8u2cyS0x2","previousCounter":0,"rootKey":"Z4ihfkc7wVQ88hfSJw20chBu4EZWuJRORAZQ6wyVP7w="},"indexInfo":{"baseKey":"BWtu1jLNxvzfD+M9iYD4RY6iSiDTNy8vS6o00Nk6zIx2","baseKeyType":2,"closed":-1,"used":1693918636999,"created":1693918636999,"remoteIdentityKey":"BYTWu7EpEbQ5CnopJmjRBtSeCg1J2OmQZsihznLjUBND"},"_chains":{"BQlb5VusDMJg0MbbGgBwDGpVC2eEzO4WBFm8u2cyS0x2":{"chainKey":{"counter":60,"key":"RLX9+zgp8X3XzlaNdPwrU/J01hvJizNAHGkdksHwa/Q="},"chainType":2,"messageKeys":{}},"BZxG51o5mZwvsCJ9OXxABJnbO47JTm+XYzCi9E0P3idO":{"chainKey":{"counter":-1,"key":"/JDrVm1QMFTYqz3+wEbpJytBE8HuUUc4JSC5mcD+XEc="},"chainType":1,"messageKeys":{}}}}},"version":"v1"}