{"_sessions":{"BSLVs5C1f/EIFtZRknUcIkX9ZFHSKfElsa7cOHj/T3II":{"registrationId":843811839,"currentRatchet":{"ephemeralKeyPair":{"pubKey":"BWdfM1v52P/z/poIW5+3HT99YSevzCGptkjWYvsyl70b","privKey":"aMU97sOzm/XIvyL3sGrGxABRKZmb6COOHEQFlz1cYm0="},"lastRemoteEphemeralKey":"BfGBed/C+QbRyb1CVG5EQdv/g+V+3TOFp3eFdXFbsJIx","previousCounter":0,"rootKey":"uvJmsDWp1Oeu/jCCq0G/5r+BEzPyZOscYYhlDc4zF9Q="},"indexInfo":{"baseKey":"BSLVs5C1f/EIFtZRknUcIkX9ZFHSKfElsa7cOHj/T3II","baseKeyType":2,"closed":-1,"used":1693919159025,"created":1693919159025,"remoteIdentityKey":"BX2IDB1uQ1Y8yvlDpGejKYJC1wDkoHjoq2MRvRzd9wlH"},"_chains":{"BfGBed/C+QbRyb1CVG5EQdv/g+V+3TOFp3eFdXFbsJIx":{"chainKey":{"counter":1,"key":"8DEobzmQjsj5TF2Wk6cAITd1cojnT/lVxD+YmidfqTM="},"chainType":2,"messageKeys":{}},"BWdfM1v52P/z/poIW5+3HT99YSevzCGptkjWYvsyl70b":{"chainKey":{"counter":-1,"key":"NQv4ggBOTaocB0JvVXrGyD5uK7M9/+TMLLC8aw91aVA="},"chainType":1,"messageKeys":{}}}}},"version":"v1"}