{"_sessions":{"BXjzjwd/MqcqUbvOhJAmfrTfPIxfRNh7Efg/TbKtVfV/":{"registrationId":384473049,"currentRatchet":{"ephemeralKeyPair":{"pubKey":"BWB//9RPz5RzLMKeMwctDWosp4Sbqx5xq/6VPeSOYukw","privKey":"CB9D2w3se8EsEbBZjqO1MbCoee3tlYX+H6BSQz7JuUs="},"lastRemoteEphemeralKey":"BXeZNBVdmv4Ovhh9u+gpiT7uVoZ0OTYowFGaKC7M+/BD","previousCounter":0,"rootKey":"9Akb6F5jF+MS2vaEzOUg8PQAISnUyH5+zYKIGsIg+N0="},"indexInfo":{"baseKey":"BXjzjwd/MqcqUbvOhJAmfrTfPIxfRNh7Efg/TbKtVfV/","baseKeyType":2,"closed":-1,"used":1693917868240,"created":1693917868240,"remoteIdentityKey":"Bdu4Eit+MRUdAlZjGw2XkP8jMgX1qNLGD2FYqWmy2n4e"},"_chains":{"BXeZNBVdmv4Ovhh9u+gpiT7uVoZ0OTYowFGaKC7M+/BD":{"chainKey":{"counter":0,"key":"S8niyLoa8iWxnUYgMaI8HQprBslTocwhVvPi3HK7FjA="},"chainType":2,"messageKeys":{}},"BWB//9RPz5RzLMKeMwctDWosp4Sbqx5xq/6VPeSOYukw":{"chainKey":{"counter":-1,"key":"l4VF8m1wZnq6gnFGnJJX4Y9UY3cfJaxXs1iGWBdy0NE="},"chainType":1,"messageKeys":{}}}}},"version":"v1"}