{"_sessions":{"BVCwyj3H0ba/i6MnTR3qJS9FkiVltU+5EzYndGl6h6xQ":{"registrationId":385821625,"currentRatchet":{"ephemeralKeyPair":{"pubKey":"Beg76evJg1mbmNkBU6ALYIqetW5dKQJHLwVb8ll3MfN/","privKey":"aEHKOm6b2/+2+PjzFtnNqz5hhLwpg0ZYGvNdBjKYnGg="},"lastRemoteEphemeralKey":"BWjUF3Ggkj+zxDnU5JgjhI6HwNxayJYQq0IKND2hshJe","previousCounter":0,"rootKey":"UguzKlWbiWun89BvRGozkLP/UMkGkOggqFh3m4rxyiw="},"indexInfo":{"baseKey":"BVCwyj3H0ba/i6MnTR3qJS9FkiVltU+5EzYndGl6h6xQ","baseKeyType":2,"closed":-1,"used":1693918787745,"created":1693918787745,"remoteIdentityKey":"BROAUt3AlxMpJ/5onU6rVkgMw+rO/xXCPvv/kpEGiLxu"},"_chains":{"BWjUF3Ggkj+zxDnU5JgjhI6HwNxayJYQq0IKND2hshJe":{"chainKey":{"counter":0,"key":"fyM9EuFrPYobZ/u3f+nJVSn3WpLLP352aoSQ4TsfR1A="},"chainType":2,"messageKeys":{}},"Beg76evJg1mbmNkBU6ALYIqetW5dKQJHLwVb8ll3MfN/":{"chainKey":{"counter":-1,"key":"vYykW+He5RHTGI/1YCwdCVVsIgZ/3KX5y0/WYqGzOOY="},"chainType":1,"messageKeys":{}}}}},"version":"v1"}