{"_sessions":{"BV8aaPzMx/vIU2NndsOvHovTeD31vKbHo4K32v69LSJL":{"registrationId":435595384,"currentRatchet":{"ephemeralKeyPair":{"pubKey":"BTuAo50bFzFv42hx38pTDEXBTFjOYt0CRjenzWIs3988","privKey":"mBF8OCcloBAqH1eXjmUmDn6TeBz8rZnHE9IL9To2nnU="},"lastRemoteEphemeralKey":"BUHQ9qgY8ENPjRzRw6E7+DFQN3ZlplGuA2kVjSN1SuNa","previousCounter":0,"rootKey":"kLkqJcw4fc++bZMmjyodrLK83fhTt/p03WjGDzg1fDM="},"indexInfo":{"baseKey":"BV8aaPzMx/vIU2NndsOvHovTeD31vKbHo4K32v69LSJL","baseKeyType":2,"closed":-1,"used":1693919469215,"created":1693919469215,"remoteIdentityKey":"BYV4jI0VQZ9IO69hU46/WxLnSk9xIaUYe0cUPa4StZRD"},"_chains":{"BUHQ9qgY8ENPjRzRw6E7+DFQN3ZlplGuA2kVjSN1SuNa":{"chainKey":{"counter":60,"key":"U5OqCAf+EFIsj0TeFROv/8/BLBmO2XP5/txC0Ksug4M="},"chainType":2,"messageKeys":{"0":"AUiRV1OIV9Bo0lljMiMtKnmAFYlJCaOE1HooXydwNKM=","1":"0XasA4sk2JMeJjKvBQIrUJchASubeFU4kqycsgB0ao4=","2":"EmUa8VztWt3p04TJ0xP7hB1jdu+NwcAYtPRBU7lLolE=","3":"BRaTNv6EMmPc+4gTtApPSt2C4I8zGV9sf/PAE/lpF3E=","4":"st/uPKXFVjsdGI61dx7G0/hmrGn+1aptukpFUyvsW78=","5":"Xl7wvgYS7D7uuGz+zbUpup5VLjgr+hgSzWrxMYPZNNs=","6":"28BZCThOF1sS4pL7c621d+C02IZzcS90NqdOOdbxXN8=","7":"z+x7daGrmH4b1nX4/gZ2gR0nVcH/fbBtOW1Net6VfeM=","8":"XOmUuk2Ak1HzTF1Q2vqNz9wQCZn4aKVB7S+sQlF3ndw=","9":"KKLenChzyElQhoG4euBb3+JTvdrlhNbBm7GA0nYsAq0=","10":"7JG2ZESfNQiFEjeZ00lJP1Zb+c35SxgPEnX+IfBjBEs=","11":"qdSQY+cpJYTyWnayfJLktPSu7mBtvA+v/7ZM1Uup4VM=","12":"KIcTyU8DRQytC01N0qnfAX5W3q/YPEBQMF4+3pruch8=","13":"VnfJ282qLGQDxmWDuhFlQuQoeClwnIVzOSTGYgpWa9M=","14":"yU3jdrjve9YQQSYxTiRql0hOzoEE3KAgPQSW6diQDiI=","15":"zdSP7cSAtTD7AlfjvaA2Zhh2EFDHl+5c+gqIjMh35YI=","16":"C8NKiCBjxcwlOb0BKwv78V2p9oU8+f5M4jGA9LzB9LI=","17":"0i65XYDAAxHQ230tN4tM/+8f4MYDJ9+1qCXm+GRgj5c=","18":"3WQWIxA0cVpCO4YUeAf6aN/Pb6Y7DBga5Je2zWpzzFA=","19":"BwDhxIrg/Sb6vD+GzAXCZFelYPqYggkHcvLolt7d2v4=","20":"1MxI2D273bFcACEtTeVv/BvNyQys0Fop1GUt3i8IG3A=","21":"bVuWoudBAcxbAVpzJJi4VphEJ0mQZkFOVpdY3xGxi+0=","22":"4P5BiWgIPyNfSe3PzTgbbWmTzH5XqRsQ8zZxCTCEflQ=","23":"FijqCM7Hz+hfEQI1bMdt/nK+O0DCOub72P/IGV7Z9Po=","24":"gtjes5Hv8x5vurcJ23V1rZsJtZrD6WinT9tjelzuWy0=","25":"MTk7yXE8hEB5y+RWMFfGoXrnVlSOmg3jkV1Vn1VU8gg=","26":"6Vg2dSPRZnwPzFVabsK8/GeuzNZ21goZX7ahFnWP0D8=","27":"77Bc/4D12JoNFNDXVPy+sJO2yxJxwH1mZVYSlYCDoMU=","28":"Tbgb/BaIP+wzOgUVS+jtm6C/iUGA1Mn7pZ9hGvoBA5g=","29":"iHZ+Cv/337XNfXrZFMymejgcJ5bh4gwOw4pbW3EEW70=","30":"3py0lWfHRqUQCpg9Jp1IsfEeDKJyK6kym99Ns5MqEcA=","31":"9Xndl9lJo/kFwI4IjIHJMeLjoX+msRPbSlpz5QP/bvE=","32":"/n1IRpjq8ejXREwPIBmSMJuqE4CELas9CXzYY7QDQ54=","33":"YLOOjPjobglieFJJ8QXezF8Q8L/RcNVFa7GYOeVFaUE=","34":"WUqqklwNbQ5ePzKubDd3VpXmWN29jmqTG7obzlPj99A=","35":"IO5v4pK17jvFTVPId5zKSyNEp51y8uPVBXh0fnn7zT4=","36":"jtxSNMpZU75YITZbGU/O9GvEEFiUHIFxgEfSfQs1Cq4=","37":"niIF4j8P5oT1V6jBaL/B80kAOaesTesZ7BahKMTefp4=","38":"t9F4va4AcwLqEXUQV8EicGMsd0SDcxS5oSYdVaiBiQM=","39":"C3ObhqRomKBpugszUeDA8vsXtCDgdBBry+3m9wPV3j0=","40":"aIpZuj2d2qOkBu1NufgwJta0Wwvrrhe+CPOwcsbLYJE=","41":"4cux1HiFXsMc/0qXMzyt79Hgh9lx2+FVpayPeEYm+/Y=","42":"XIB2FfB8LbZQcdZFrzB44qY1Jne1KlTfC08wXbzEEaw=","43":"p7CM16tL4vt+rVNzHYWfZ9EiTjzRh+n6uH+0tt8Nw7M=","44":"WXG8TeF3PBEga3EBe1RPF7C2kK/InuZo+XN23bQ08Qg=","45":"HS4y22yjSro3gxuWPxbFiFMUST62+72O3CU3qN/CM2s=","46":"j+VUQOO49vuMUiYzdLWD6ZPcGQPw/i5c1irrYRN8lZw=","47":"u8/BQj/r9MHw17mrKASaUAC6cXVGTcepN4z+vZQTp10=","48":"CVyD2RcRBm6blDIE1T0Zbc2C54RGnTxHh1AZ2bprJwQ=","49":"qXOD+lYS1/BbIV+IO0+OwwA0c6XMo7EVdLQC1OcCtH4=","50":"8yqhlmvHODk7zhTYhguP4OpQSVRLzRTYtOoO27CEERo=","51":"mj5Bw7iOdz2O7M/RiyvGDvpBmz7a2W43NcGcimJJbHM=","52":"abSTDZhlEHqKclXLn/srNrlZUG3Vm0bNfAurEBVgdcw=","53":"DI6QT3TsZYspKMaQKhHF0aHCt7NjVdthDBujNV5XTFE=","54":"C1axGqhUUZU/C4Cy9x3WAUB57Gg6hZVflqlrhVcwozY=","55":"8a5LBGaqOAGvc6mIwtnuk5rwQVMf2Z8ZGivlnKF+dh0=","56":"DiPbbIFH+AwLieUG0zrDyYbNrrZ1f68QyzaQtXyobRM=","57":"Xafj48nI/dXVrT3/jGWaxogbSJxTgJ1/naweQg3puUY=","58":"8tvfQc5V8CKEyOt8gIFCJmuuBmvoqeQNQdOIjPMrOR4=","59":"KozUFoLFjxR1ruyjb01lUO2yZ3yRKcZkkslD/+c7Wd0="}},"BTuAo50bFzFv42hx38pTDEXBTFjOYt0CRjenzWIs3988":{"chainKey":{"counter":-1,"key":"2ld9tZSAQjPcMQt/zxfWrjclaG0Ej+Nm1sqfFGvepcE="},"chainType":1,"messageKeys":{}}}}},"version":"v1"}