{
  "allcommand": [
    "Ss",
    "Gimage",
    "Mine",
    "Fc",
    "Play2",
    "Hijaber",
    "Ping",
    "Play",
    "Clearalluser",
    "Getpp",
    "Qc",
    "Take",
    "Addprem",
    "Hd",
    "Ig",
    "Getfile",
    "Antidelete",
    "Sewa",
    "Read",
    "Mp4",
    "Getcase",
    "Attp",
    "Remini",
    "Unbanwa",
    "Status",
    "Speedd",
    "Snobg",
    "Nobg",
    "Qc3",
    "Tafsir",
    "Gitclone",
    "Toimg",
    "Recolor",
    "Tr",
    "Remini2",
    "Jadizombie",
    "Ai",
    "Emojiap",
    "Fb2",
    "Shutdown",
    "Candy",
    "Ask",
    "Runtime",
    "Pin"
  ],
  "anonymous": [],
  "blockcmd": [],
  "banned": [],
  "premium": [],
  "claim": [],
  "data": [
    {
      "name": "premium",
      "id": []
    },
    {
      "name": "commands",
      "id": []
    },
    {
      "name": "limit",
      "id": []
    },
    {
      "name": "owner",
      "id": [
        "628386848172@s.whatsapp.net"
      ]
    }
  ],
  "sewa": [],
  "antispam": [],
  "dashboard": [
    {
      "cmd": "Pin",
      "succes": 1,
      "failed": 0
    },
    {
      "cmd": "Smeme",
      "succes": 2,
      "failed": 0
    }
  ],
  "listerror": [
    {
      "error": "nopref is not defined",
      "cmd": "setprefix"
    },
    {
      "error": "pel is not defined",
      "cmd": "🤔"
    },
    {
      "error": "cheerio.load() expects a string",
      "cmd": "ig"
    },
    {
      "error": "Request failed with status code 401",
      "cmd": "recolor"
    },
    {
      "error": "uploadFileToGipty is not a function",
      "cmd": "remini2"
    },
    {
      "error": "conn.uploadFileToGipty is not a function",
      "cmd": "remini2"
    },
    {
      "error": "Gipty is not a function",
      "cmd": "remini2"
    },
    {
      "error": "AxiosError: Request failed with status code 404",
      "cmd": "remini2"
    },
    {
      "error": "FormData is not defined",
      "cmd": "remini2"
    },
    {
      "error": "Request failed with status code 404",
      "cmd": "remini2"
    },
    {
      "error": "Cannot read property 'split' of null",
      "cmd": "candy"
    },
    {
      "error": "Cannot read property 'map' of null",
      "cmd": "candy"
    },
    {
      "error": "ENOENT: no such file or directory, open 'session/creds'",
      "cmd": "berkas"
    },
    {
      "error": "ChatGpt is not defined",
      "cmd": "bard2"
    }
  ],
  "jadibot": {},
  "sticker": {},
  "audio": {},
  "hittoday": [
    {
      "id": "run",
      "expired": 1693813505755,
      "totalcmd": 4
    }
  ],
  "clearchat": [],
  "users": {
    "6281368351787@s.whatsapp.net": {
      "name": "Hide Name",
      "id": "6281368351787",
      "date": "7 Agustus 2023",
      "exp": 100,
      "level": 1,
      "hit": 105,
      "balance": 20000000,
      "limit": -133,
      "glimit": 30,
      "serial": "LV13",
      "lastclaim": 0,
      "afk": -1,
      "pc": 0,
      "grade": "Newbie",
      "autolevelup": false,
      "afkReason": ""
    },
    "6285756384984@s.whatsapp.net": {
      "name": "ipm.",
      "id": "6285756384984",
      "date": "7 Agustus 2023",
      "exp": 100,
      "level": 1,
      "hit": 0,
      "balance": 1000,
      "limit": 30,
      "glimit": 30,
      "serial": "6LK2",
      "lastclaim": 0,
      "afk": -1,
      "pc": 0,
      "grade": "Newbie",
      "autolevelup": false
    },
    "628386848172@s.whatsapp.net": {
      "name": "Aris Pratama",
      "id": "628386848172",
      "date": "8 Agustus 2023",
      "exp": 100,
      "level": 1,
      "hit": 12,
      "balance": 1000,
      "limit": 30,
      "glimit": 30,
      "serial": "5TEU",
      "lastclaim": 0,
      "afk": -1,
      "pc": 0,
      "grade": "Newbie",
      "autolevelup": false,
      "afkReason": ""
    },
    "6281393239612@s.whatsapp.net": {
      "name": "Fansxzz",
      "id": "6281393239612",
      "date": "23 Agustus 2023",
      "exp": 100,
      "level": 1,
      "hit": 0,
      "balance": 1000,
      "limit": 30,
      "glimit": 30,
      "serial": "UKIS",
      "lastclaim": 0,
      "afk": -1,
      "pc": 0,
      "grade": "Newbie",
      "autolevelup": false
    },
    "6281355622139@s.whatsapp.net": {
      "name": "ACA PAKE WA BAPANYA😀",
      "id": "6281355622139",
      "date": "26 Agustus 2023",
      "exp": 100,
      "level": 1,
      "hit": 0,
      "balance": 1000,
      "limit": 30,
      "glimit": 30,
      "serial": "E4ZM",
      "lastclaim": 0,
      "afk": -1,
      "pc": 0,
      "grade": "Newbie",
      "autolevelup": false
    },
    "6287748390139@s.whatsapp.net": {
      "name": "cica",
      "id": "6287748390139",
      "date": "3 September 2023",
      "exp": 100,
      "level": 1,
      "hit": 0,
      "balance": 1000,
      "limit": 30,
      "glimit": 30,
      "serial": "6CS1",
      "lastclaim": 0,
      "afk": -1,
      "pc": 0,
      "grade": "Newbie",
      "autolevelup": false
    }
  },
  "chats": {
    "120363031228934096@g.us": {
      "name": [],
      "add": 0,
      "welcome": false,
      "detect": false,
      "sWelcome": "",
      "sBye": "",
      "sPromote": "",
      "sDemote": "",
      "desc": true,
      "descUpdate": true,
      "autostiker": false,
      "antilink": false,
      "antilinkgc": false,
      "antidelete": false,
      "antiasing": false,
      "banchat": true,
      "expired": 0,
      "antibadword": true,
      "antispam": true,
      "antitroli": false,
      "antivirtex": false,
      "antiwame": false,
      "antihidetag": false,
      "viewonce": true,
      "nsfw": false,
      "clear": false,
      "clearTime": 0,
      "stiker": false,
      "antiLink": true,
      "antiBadword": true
    },
    "6282256080304-1615906406@g.us": {
      "name": "‎",
      "add": 0,
      "welcome": false,
      "detect": false,
      "sWelcome": "",
      "sBye": "",
      "sPromote": "",
      "sDemote": "",
      "desc": true,
      "descUpdate": true,
      "autostiker": false,
      "antilink": false,
      "antilinkgc": false,
      "antidelete": false,
      "antiasing": false,
      "banchat": true,
      "expired": 0,
      "antibadword": true,
      "antispam": true,
      "antitroli": false,
      "antivirtex": false,
      "antiwame": false,
      "antihidetag": false,
      "viewonce": true,
      "nsfw": false,
      "clear": false,
      "clearTime": 0,
      "stiker": false,
      "antiLink": true,
      "antiBadword": true
    },
    "120363023882861929@g.us": {
      "name": "Alumni RQS 2023☘️",
      "add": 0,
      "welcome": false,
      "detect": false,
      "sWelcome": "",
      "sBye": "",
      "sPromote": "",
      "sDemote": "",
      "desc": true,
      "descUpdate": true,
      "autostiker": false,
      "antilink": false,
      "antilinkgc": false,
      "antidelete": false,
      "antiasing": false,
      "banchat": true,
      "expired": 0,
      "antibadword": true,
      "antispam": true,
      "antitroli": false,
      "antivirtex": false,
      "antiwame": false,
      "antihidetag": false,
      "viewonce": true,
      "nsfw": false,
      "clear": false,
      "clearTime": 0,
      "stiker": false,
      "antiLink": true,
      "antiBadword": true
    },
    "120363041984430206@g.us": {
      "name": [],
      "add": 0,
      "welcome": false,
      "detect": false,
      "sWelcome": "",
      "sBye": "",
      "sPromote": "",
      "sDemote": "",
      "desc": true,
      "descUpdate": true,
      "autostiker": false,
      "antilink": false,
      "antilinkgc": false,
      "antidelete": false,
      "antiasing": false,
      "banchat": true,
      "expired": 0,
      "antibadword": true,
      "antispam": true,
      "antitroli": false,
      "antivirtex": false,
      "antiwame": false,
      "antihidetag": false,
      "viewonce": true,
      "nsfw": false,
      "clear": false,
      "clearTime": 0,
      "stiker": false,
      "antiLink": true,
      "antiBadword": true
    },
    "120363164480090094@g.us": {
      "name": "Zxzz",
      "add": 0,
      "welcome": false,
      "detect": false,
      "sWelcome": "",
      "sBye": "",
      "sPromote": "",
      "sDemote": "",
      "desc": true,
      "descUpdate": true,
      "autostiker": false,
      "antilink": false,
      "antilinkgc": false,
      "antidelete": false,
      "antiasing": false,
      "banchat": true,
      "expired": 0,
      "antibadword": true,
      "antispam": true,
      "antitroli": false,
      "antivirtex": false,
      "antiwame": false,
      "antihidetag": false,
      "viewonce": true,
      "nsfw": false,
      "clear": false,
      "clearTime": 0,
      "stiker": false,
      "antiLink": true,
      "antiBadword": true
    },
    "120363139203270394@g.us": {
      "name": [],
      "add": 0,
      "welcome": false,
      "detect": false,
      "sWelcome": "",
      "sBye": "",
      "sPromote": "",
      "sDemote": "",
      "desc": true,
      "descUpdate": true,
      "autostiker": false,
      "antilink": false,
      "antilinkgc": false,
      "antidelete": false,
      "antiasing": false,
      "banchat": true,
      "expired": 0,
      "antibadword": true,
      "antispam": true,
      "antitroli": false,
      "antivirtex": false,
      "antiwame": false,
      "antihidetag": false,
      "viewonce": true,
      "nsfw": false,
      "clear": false,
      "clearTime": 0,
      "stiker": false,
      "antiLink": true,
      "antiBadword": true
    },
    "120363050090354100@g.us": {
      "name": "Tes Bot Agriani",
      "add": 0,
      "welcome": false,
      "detect": false,
      "sWelcome": "",
      "sBye": "",
      "sPromote": "",
      "sDemote": "",
      "desc": true,
      "descUpdate": true,
      "autostiker": false,
      "antilink": false,
      "antilinkgc": false,
      "antidelete": false,
      "antiasing": false,
      "banchat": true,
      "expired": 0,
      "antibadword": true,
      "antispam": true,
      "antitroli": false,
      "antivirtex": false,
      "antiwame": false,
      "antihidetag": false,
      "viewonce": true,
      "nsfw": false,
      "clear": false,
      "clearTime": 0,
      "stiker": false,
      "antiLink": true,
      "antiBadword": true
    },
    "120363143140724033@g.us": {
      "name": [],
      "add": 0,
      "welcome": false,
      "detect": false,
      "sWelcome": "",
      "sBye": "",
      "sPromote": "",
      "sDemote": "",
      "desc": true,
      "descUpdate": true,
      "autostiker": false,
      "antilink": false,
      "antilinkgc": false,
      "antidelete": false,
      "antiasing": false,
      "banchat": true,
      "expired": 0,
      "antibadword": true,
      "antispam": true,
      "antitroli": false,
      "antivirtex": false,
      "antiwame": false,
      "antihidetag": false,
      "viewonce": true,
      "nsfw": false,
      "clear": false,
      "clearTime": 0,
      "stiker": false,
      "antiLink": true,
      "antiBadword": true
    },
    "120363019105637203@g.us": {
      "name": [],
      "add": 0,
      "welcome": false,
      "detect": false,
      "sWelcome": "",
      "sBye": "",
      "sPromote": "",
      "sDemote": "",
      "desc": true,
      "descUpdate": true,
      "autostiker": false,
      "antilink": false,
      "antilinkgc": false,
      "antidelete": false,
      "antiasing": false,
      "banchat": true,
      "expired": 0,
      "antibadword": true,
      "antispam": true,
      "antitroli": false,
      "antivirtex": false,
      "antiwame": false,
      "antihidetag": false,
      "viewonce": true,
      "nsfw": false,
      "clear": false,
      "clearTime": 0,
      "stiker": false,
      "antiLink": true,
      "antiBadword": true
    },
    "120363129279596434@g.us": {
      "name": [],
      "add": 0,
      "welcome": false,
      "detect": false,
      "sWelcome": "",
      "sBye": "",
      "sPromote": "",
      "sDemote": "",
      "desc": true,
      "descUpdate": true,
      "autostiker": false,
      "antilink": false,
      "antilinkgc": false,
      "antidelete": false,
      "antiasing": false,
      "banchat": true,
      "expired": 0,
      "antibadword": true,
      "antispam": true,
      "antitroli": false,
      "antivirtex": false,
      "antiwame": false,
      "antihidetag": false,
      "viewonce": true,
      "nsfw": false,
      "clear": false,
      "clearTime": 0,
      "stiker": false,
      "antiLink": true,
      "antiBadword": true
    },
    "120363067059618604@g.us": {
      "name": [],
      "add": 0,
      "welcome": false,
      "detect": false,
      "sWelcome": "",
      "sBye": "",
      "sPromote": "",
      "sDemote": "",
      "desc": true,
      "descUpdate": true,
      "autostiker": false,
      "antilink": false,
      "antilinkgc": false,
      "antidelete": false,
      "antiasing": false,
      "banchat": true,
      "expired": 0,
      "antibadword": true,
      "antispam": true,
      "antitroli": false,
      "antivirtex": false,
      "antiwame": false,
      "antihidetag": false,
      "viewonce": true,
      "nsfw": false,
      "clear": false,
      "clearTime": 0,
      "stiker": false,
      "antiLink": true,
      "antiBadword": true
    },
    "120363149493512084@g.us": {
      "name": "Jantan Berevolusi :v",
      "add": 0,
      "welcome": false,
      "detect": false,
      "sWelcome": "",
      "sBye": "",
      "sPromote": "",
      "sDemote": "",
      "desc": true,
      "descUpdate": true,
      "autostiker": false,
      "antilink": false,
      "antilinkgc": false,
      "antidelete": false,
      "antiasing": false,
      "banchat": true,
      "expired": 0,
      "antibadword": true,
      "antispam": true,
      "antitroli": false,
      "antivirtex": false,
      "antiwame": false,
      "antihidetag": false,
      "viewonce": true,
      "nsfw": false,
      "clear": false,
      "clearTime": 0,
      "stiker": false,
      "antiLink": true,
      "antiBadword": true
    },
    "120363028699177520@g.us": {
      "name": [],
      "add": 0,
      "welcome": false,
      "detect": false,
      "sWelcome": "",
      "sBye": "",
      "sPromote": "",
      "sDemote": "",
      "desc": true,
      "descUpdate": true,
      "autostiker": false,
      "antilink": false,
      "antilinkgc": false,
      "antidelete": false,
      "antiasing": false,
      "banchat": true,
      "expired": 0,
      "antibadword": true,
      "antispam": true,
      "antitroli": false,
      "antivirtex": false,
      "antiwame": false,
      "antihidetag": false,
      "viewonce": true,
      "nsfw": false,
      "clear": false,
      "clearTime": 0,
      "stiker": false,
      "antiLink": true,
      "antiBadword": true
    },
    "120363029860988703@g.us": {
      "name": "BISA KULIAH",
      "add": 0,
      "welcome": false,
      "detect": false,
      "sWelcome": "",
      "sBye": "",
      "sPromote": "",
      "sDemote": "",
      "desc": true,
      "descUpdate": true,
      "autostiker": false,
      "antilink": false,
      "antilinkgc": false,
      "antidelete": false,
      "antiasing": false,
      "banchat": true,
      "expired": 0,
      "antibadword": true,
      "antispam": true,
      "antitroli": false,
      "antivirtex": false,
      "antiwame": false,
      "antihidetag": false,
      "viewonce": true,
      "nsfw": false,
      "clear": false,
      "clearTime": 0,
      "stiker": false,
      "antiLink": true,
      "antiBadword": true
    },
    "120363147530956586@g.us": {
      "name": "Premium User",
      "add": 0,
      "welcome": false,
      "detect": false,
      "sWelcome": "",
      "sBye": "",
      "sPromote": "",
      "sDemote": "",
      "desc": true,
      "descUpdate": true,
      "autostiker": false,
      "antilink": false,
      "antilinkgc": false,
      "antidelete": false,
      "antiasing": false,
      "banchat": true,
      "expired": 0,
      "antibadword": true,
      "antispam": true,
      "antitroli": false,
      "antivirtex": false,
      "antiwame": false,
      "antihidetag": false,
      "viewonce": true,
      "nsfw": false,
      "clear": false,
      "clearTime": 0,
      "stiker": false,
      "antiLink": true,
      "antiBadword": true
    },
    "120363142363437891@g.us": {
      "name": [],
      "add": 0,
      "welcome": false,
      "detect": false,
      "sWelcome": "",
      "sBye": "",
      "sPromote": "",
      "sDemote": "",
      "desc": true,
      "descUpdate": true,
      "autostiker": false,
      "antilink": false,
      "antilinkgc": false,
      "antidelete": false,
      "antiasing": false,
      "banchat": true,
      "expired": 0,
      "antibadword": true,
      "antispam": true,
      "antitroli": false,
      "antivirtex": false,
      "antiwame": false,
      "antihidetag": false,
      "viewonce": true,
      "nsfw": false,
      "clear": false,
      "clearTime": 0,
      "stiker": false,
      "antiLink": true,
      "antiBadword": true
    },
    "6281260139687-1636107364@g.us": {
      "name": "MATARU 2021⚜️",
      "add": 0,
      "welcome": false,
      "detect": false,
      "sWelcome": "",
      "sBye": "",
      "sPromote": "",
      "sDemote": "",
      "desc": true,
      "descUpdate": true,
      "autostiker": false,
      "antilink": false,
      "antilinkgc": false,
      "antidelete": false,
      "antiasing": false,
      "banchat": true,
      "expired": 0,
      "antibadword": true,
      "antispam": true,
      "antitroli": false,
      "antivirtex": false,
      "antiwame": false,
      "antihidetag": false,
      "viewonce": true,
      "nsfw": false,
      "clear": false,
      "clearTime": 0
    },
    "120363031136146584@g.us": {
      "name": [],
      "add": 0,
      "welcome": false,
      "detect": false,
      "sWelcome": "",
      "sBye": "",
      "sPromote": "",
      "sDemote": "",
      "desc": true,
      "descUpdate": true,
      "autostiker": false,
      "antilink": false,
      "antilinkgc": false,
      "antidelete": false,
      "antiasing": false,
      "banchat": true,
      "expired": 0,
      "antibadword": true,
      "antispam": true,
      "antitroli": false,
      "antivirtex": false,
      "antiwame": false,
      "antihidetag": false,
      "viewonce": true,
      "nsfw": false,
      "clear": false,
      "clearTime": 0,
      "stiker": false,
      "antiLink": true,
      "antiBadword": true
    },
    "120363023343137726@g.us": {
      "name": [],
      "add": 0,
      "welcome": false,
      "detect": false,
      "sWelcome": "",
      "sBye": "",
      "sPromote": "",
      "sDemote": "",
      "desc": true,
      "descUpdate": true,
      "autostiker": false,
      "antilink": false,
      "antilinkgc": false,
      "antidelete": false,
      "antiasing": false,
      "banchat": true,
      "expired": 0,
      "antibadword": true,
      "antispam": true,
      "antitroli": false,
      "antivirtex": false,
      "antiwame": false,
      "antihidetag": false,
      "viewonce": true,
      "nsfw": false,
      "clear": false,
      "clearTime": 0,
      "stiker": false,
      "antiLink": true,
      "antiBadword": true
    },
    "120363047404418593@g.us": {
      "name": [],
      "add": 0,
      "welcome": false,
      "detect": false,
      "sWelcome": "",
      "sBye": "",
      "sPromote": "",
      "sDemote": "",
      "desc": true,
      "descUpdate": true,
      "autostiker": false,
      "antilink": false,
      "antilinkgc": false,
      "antidelete": false,
      "antiasing": false,
      "banchat": true,
      "expired": 0,
      "antibadword": true,
      "antispam": true,
      "antitroli": false,
      "antivirtex": false,
      "antiwame": false,
      "antihidetag": false,
      "viewonce": true,
      "nsfw": false,
      "clear": false,
      "clearTime": 0,
      "stiker": false,
      "antiLink": true,
      "antiBadword": true
    },
    "6282273720318-1595337787@g.us": {
      "name": "XII ips¹~",
      "add": 0,
      "welcome": false,
      "detect": false,
      "sWelcome": "",
      "sBye": "",
      "sPromote": "",
      "sDemote": "",
      "desc": true,
      "descUpdate": true,
      "autostiker": false,
      "antilink": false,
      "antilinkgc": false,
      "antidelete": false,
      "antiasing": false,
      "banchat": true,
      "expired": 0,
      "antibadword": true,
      "antispam": true,
      "antitroli": false,
      "antivirtex": false,
      "antiwame": false,
      "antihidetag": false,
      "viewonce": true,
      "nsfw": false,
      "clear": false,
      "clearTime": 0,
      "stiker": false,
      "antiLink": true,
      "antiBadword": true
    }
  },
  "settings": {},
  "kickon": {},
  "others": {
    "updateGempa": [],
    "runtime": {
      "runtime": 1692911314060,
      "lastTime": 1693919885718
    }
  }
}