[
  {
    "sender": "62895353515500@s.whatsapp.net",
    "pengirim": "6283193925420@s.whatsapp.net",
    "pesan": "i have a on crush with u<3",
    "status": "ENTER-MESSAGE"
  },
  {
    "sender": "6285718431191@s.whatsapp.net",
    "pengirim": "6289522584883@s.whatsapp.net",
    "pesan": "ihacoy",
    "status": "ENTER-MESSAGE"
  },
  {
    "sender": "6285157088853@s.whatsapp.net",
    "pengirim": "6287821922869@s.whatsapp.net",
    "pesan": "well",
    "status": "ENTER-MESSAGE"
  },
  {
    "sender": "6287878298382@s.whatsapp.net",
    "pengirim": "6285738120800@s.whatsapp.net",
    "pesan": "Hhmm.. sorry if i have to say this, \nJaya, I miss you so much, can this be fixed? I want us to be like before 😌",
    "status": "ENTER-MESSAGE"
  },
  {
    "sender": "6285930440395@s.whatsapp.net",
    "pengirim": "6281289140810@s.whatsapp.net",
    "pesan": " IH NAJIS SAYANG SAYANG, CECE INI CECE SIENA RAHMA KHAIRANI ANAK WIWIN",
    "status": "ENTER-MESSAGE"
  },
  {
    "sender": "6281573574522@s.whatsapp.net",
    "pengirim": "6281462233097@s.whatsapp.net",
    "pesan": "dah bobo kah",
    "status": "ENTER-MESSAGE"
  },
  {
    "sender": "6283187580274@s.whatsapp.net",
    "pengirim": "62887437495055@s.whatsapp.net",
    "pesan": " ihacoy ka",
    "status": "ENTER-MESSAGE"
  },
  {
    "sender": "6282171562797@s.whatsapp.net",
    "pengirim": "6282284844672@s.whatsapp.net",
    "pesan": "hai dek semoga harimu bahagia hari ini",
    "status": "ENTER-MESSAGE"
  },
  {
    "sender": "6281327521708@s.whatsapp.net",
    "pengirim": "62882003864624@s.whatsapp.net",
    "pesan": " halo kmu punya cewe ga?",
    "status": "ENTER-MESSAGE"
  },
  {
    "sender": "6281227448174@s.whatsapp.net",
    "pengirim": "6283111706190@s.whatsapp.net",
    "pesan": " hei tayo",
    "status": "ENTER-MESSAGE"
  },
  {
    "sender": "6288214547846@s.whatsapp.net",
    "pengirim": "6282279537654@s.whatsapp.net",
    "pesan": "kangen banget",
    "status": "ENTER-MESSAGE"
  },
  {
    "sender": "6285809177172@s.whatsapp.net",
    "pengirim": "6281279192089@s.whatsapp.net",
    "pesan": " Ayem so rili rili mis u, bet u dont mis me bikes ai not ur girl or yur main, ayem so rili rili lop u and ayem so rili rili laik u bet pupus song is sei \"cintaku bertepuk sebelah tangan\" Is so rili rili rili sedih banget cok",
    "status": "ENTER-MESSAGE"
  },
  {
    "sender": "6287758239230@s.whatsapp.net",
    "pengirim": "6281904093922@s.whatsapp.net",
    "pesan": "Bukan dari salsa",
    "status": "ENTER-MESSAGE"
  },
  {
    "sender": "6289507586993@s.whatsapp.net",
    "pengirim": "6289660108429@s.whatsapp.net",
    "pesan": "halooooo yanti",
    "status": "ENTER-MESSAGE"
  },
  {
    "sender": "62895707452544@s.whatsapp.net",
    "pengirim": "6281254567596@s.whatsapp.net",
    "pesan": "hello kamu punyak cewek gak atau lagi ngedekatin cewek? soalnya aku suka kamu hhhe gpp kmu gausah tau ini siapa bales aja yang diatas yah",
    "status": "ENTER-MESSAGE"
  },
  {
    "sender": "6281227261722@s.whatsapp.net",
    "pengirim": "6281226593698@s.whatsapp.net",
    "pesan": "jahatt kali ga dibaless",
    "status": "ENTER-MESSAGE"
  },
  {
    "sender": "6285838075113@s.whatsapp.net",
    "pengirim": "6282122120665@s.whatsapp.net",
    "pesan": " woyy anjg yatim lu kontol sini ketemuan ngentot",
    "status": "ENTER-MESSAGE"
  },
  {
    "sender": "6282325165547@s.whatsapp.net",
    "pengirim": "6281210846356@s.whatsapp.net",
    "pesan": "Ml burik, pubg burik, epep mabar",
    "status": "ENTER-MESSAGE"
  },
  {
    "sender": "6289670077335@s.whatsapp.net",
    "pengirim": "6285727328584@s.whatsapp.net",
    "pesan": "jangan pencet itu hahah",
    "status": "ENTER-MESSAGE"
  },
  {
    "sender": "6285773836940@s.whatsapp.net",
    "pengirim": "6281388090905@s.whatsapp.net",
    "pesan": "kangeen",
    "status": "ENTER-MESSAGE"
  },
  {
    "sender": "6281352594305@s.whatsapp.net",
    "pengirim": "62895373099996@s.whatsapp.net",
    "pesan": " Hi kak ini benar ya nomor kak Riza? Balas ya kak nanti disitu ada tulisan balas ditekan cara balasnya hehe makasih🌚",
    "status": "ENTER-MESSAGE"
  },
  {
    "sender": "6289612782622@s.whatsapp.net",
    "pengirim": "6281996879803@s.whatsapp.net",
    "pesan": " aku suka sama mu wi",
    "status": "ENTER-MESSAGE"
  },
  {
    "sender": "6287861478377@s.whatsapp.net",
    "pengirim": "6285726349737@s.whatsapp.net",
    "pesan": "bdw emng no gw uda lo blok si",
    "status": "ENTER-MESSAGE"
  },
  {
    "sender": "6285842896638@s.whatsapp.net",
    "pengirim": "6283878763020@s.whatsapp.net",
    "pesan": "Miss hhe",
    "status": "ENTER-MESSAGE"
  },
  {
    "sender": "6282145813979@s.whatsapp.net",
    "pengirim": "6287753482102@s.whatsapp.net",
    "pesan": "jangan bales disiniii, ini nomor bott",
    "status": "ENTER-MESSAGE"
  },
  {
    "sender": "6285778725684@s.whatsapp.net",
    "pengirim": "6281316230387@s.whatsapp.net",
    "pesan": "Anjani jujur aku suka sama kamu,mau ngungkapin lewat no asli cuma malu,tapi mungkin kamu ga bisa Nerima aku😌💟",
    "status": "ENTER-MESSAGE"
  },
  {
    "sender": "6281322103516@s.whatsapp.net",
    "pengirim": "6289667749332@s.whatsapp.net",
    "pesan": " d warung ada mizone ga kak",
    "status": "ENTER-MESSAGE"
  },
  {
    "sender": "6289502387957@s.whatsapp.net",
    "pengirim": "6283817377184@s.whatsapp.net",
    "pesan": "hai kak kamu ternyata idiot ya",
    "status": "ENTER-MESSAGE"
  },
  {
    "sender": "6282284558803@s.whatsapp.net",
    "status": "ENTER-MESSAGE"
  },
  {
    "sender": "6282334677351@s.whatsapp.net",
    "pengirim": "6281910663482@s.whatsapp.net",
    "status": "ENTER-MESSAGE"
  },
  {
    "sender": "6285783262261@s.whatsapp.net",
    "pengirim": "60183986716@s.whatsapp.net",
    "status": "ENTER-MESSAGE"
  },
  {
    "sender": "628979557001@s.whatsapp.net",
    "pengirim": "6282189505980@s.whatsapp.net",
    "status": "ENTER-MESSAGE"
  },
  {
    "sender": "6285730845280@s.whatsapp.net",
    "pengirim": "6287763094811@s.whatsapp.net",
    "status": "ENTER-MESSAGE"
  },
  {
    "sender": "6281953427542@s.whatsapp.net",
    "pengirim": "62895414317228@s.whatsapp.net",
    "status": "ENTER-MESSAGE"
  },
  {
    "sender": "6281391108296@s.whatsapp.net",
    "pengirim": "6287861203068@s.whatsapp.net",
    "status": "ENTER-MESSAGE"
  },
  {
    "sender": "6282117893756@s.whatsapp.net",
    "pengirim": "6283191945681@s.whatsapp.net",
    "status": "ENTER-MESSAGE"
  },
  {
    "sender": "6285240303070@s.whatsapp.net",
    "pengirim": "6283843249165@s.whatsapp.net",
    "status": "ENTER-MESSAGE"
  },
  {
    "sender": "6282181008471@s.whatsapp.net",
    "pengirim": "6288706597575@s.whatsapp.net",
    "status": "ENTER-MESSAGE"
  },
  {
    "sender": "6285232288518@s.whatsapp.net",
    "pengirim": "6283843249165@s.whatsapp.net",
    "status": "ENTER-MESSAGE"
  },
  {
    "sender": "6282193639496@s.whatsapp.net",
    "pengirim": "62882021906049@s.whatsapp.net",
    "status": "ENTER-MESSAGE"
  },
  {
    "sender": "6285861963116@s.whatsapp.net",
    "pengirim": "62882001434742@s.whatsapp.net",
    "status": "ENTER-MESSAGE"
  },
  {
    "sender": "6285727474864@s.whatsapp.net",
    "pengirim": "62881023693247@s.whatsapp.net",
    "status": "ENTER-MESSAGE"
  },
  {
    "sender": "6283165905027@s.whatsapp.net",
    "pengirim": "628386024541@s.whatsapp.net",
    "status": "ENTER-MESSAGE"
  },
  {
    "sender": "6282182240363@s.whatsapp.net",
    "pengirim": "6285380773010@s.whatsapp.net",
    "status": "ENTER-MESSAGE"
  },
  {
    "sender": "6283854689601@s.whatsapp.net",
    "pengirim": "6282148871231@s.whatsapp.net",
    "status": "ENTER-MESSAGE"
  },
  {
    "sender": "6289505565240@s.whatsapp.net",
    "pengirim": "62882008794497@s.whatsapp.net",
    "status": "ENTER-MESSAGE"
  },
  {
    "sender": "62895412999872@s.whatsapp.net",
    "pengirim": "6288289752069@s.whatsapp.net",
    "status": "ENTER-MESSAGE"
  },
  {
    "sender": "62895322078660@s.whatsapp.net",
    "pengirim": "6285712275328@s.whatsapp.net",
    "status": "ENTER-MESSAGE"
  }
    ]